,Bacteria,Chemicals,Importance_decision_tree,CV_decision_tree,R_squared_decision_tree
0,1,"['EC', 'Sr', 'Antracen']",1.3240788846563234,-0.6246520089333237,-0.8627503765999427
1,1,"['ΣPh', 'Fluoren']",1.3240788846563234,-0.6246520089333237,-0.8627503765999427
2,1,"['Li', 'Antracen']",1.3240788846563234,-0.6246520089333237,-0.8627503765999427
3,1,"['Al', 'Fe']",1.3240788846563234,-0.6246520089333237,-0.8627503765999427
4,1,"['V', 'As']",1.3240788846563234,-0.6246520089333237,-0.8627503765999427
5,1,"['Cr', 'Fe', 'Cu']",1.380252499172055,-0.6246520089333237,-0.8627503765999427
6,1,"['Mn', 'Fe', 'Co']",1.19880274014459,-0.6246520089333237,-0.8627503765999427
7,1,"['Fe', 'Al', 'Cr', 'Mn']",1.3371546822950682,-0.6246520089333237,-0.8627503765999427
8,1,"['Co', 'Mn']",1.3371546822950682,-0.6246520089333237,-0.8627503765999427
9,1,"['Cu', 'Cr', 'Cd', 'Pb']",1.2606320166449616,-0.6246520089333237,-0.8627503765999427
10,1,"['Zn', 'U']",1.2606320166449616,-0.6246520089333237,-0.8627503765999427
11,1,"['Rb', 'Piren']",1.2606320166449616,-0.6246520089333237,-0.8627503765999427
12,1,"['Se', 'Mo']",1.2606320166449616,-0.6246520089333237,-0.8627503765999427
13,1,"['Sr', 'EC']",1.2606320166449616,-0.6246520089333237,-0.8627503765999427
14,1,"['Cd', 'Cu', 'Pb']",1.1175403328317022,-0.6246520089333237,-0.8627503765999427
15,1,"['Fluoren', 'ΣPh', 'Fluoranten']",1.3856882726479112,-0.6246520089333237,-0.8627503765999427
16,1,"['Antracen', 'EC', 'Li']",1.6169086405751214,-0.6246520089333237,-0.8627503765999427
17,1,"['Fluoranten', 'Fluoren']",1.6169086405751214,-0.6246520089333237,-0.8627503765999427
18,1,pH,1.6169086405751214,-0.6246520089333237,-0.8627503765999427
19,1,TOC,1.513939185650734,-0.6246520089333237,-0.8627503765999427
20,1,HCHO,1.6169086405751214,-0.6246520089333237,-0.8627503765999427
21,1,B,1.6169086405751214,-0.6246520089333237,-0.8627503765999427
22,1,Ni,1.6169086405751214,-0.6246520089333237,-0.8627503765999427
23,1,Ga,1.6169086405751214,-0.6246520089333237,-0.8627503765999427
24,1,Sb,1.6169086405751214,-0.6246520089333237,-0.8627503765999427
25,1,Ba,1.6169086405751214,-0.6246520089333237,-0.8627503765999427
26,1,Naftalen,1.6169086405751214,-0.6246520089333237,-0.8627503765999427
27,1,Acenaftylen,1.6169086405751214,-0.6246520089333237,-0.8627503765999427
28,1,Acenaften,1.6169086405751214,-0.6246520089333237,-0.8627503765999427
29,1,Fenantren,1.6169086405751214,-0.6246520089333237,-0.8627503765999427
30,5,"['ΣPh', 'Fluoren']",0.9816002532924046,-4.219148954435342,-0.09140551849248335
31,5,"['Li', 'Antracen']",1.2236545751711894,-4.219148954435342,-0.09140551849248335
32,5,"['V', 'As']",1.014200656858021,-4.219148954435342,-0.09140551849248335
33,5,"['Fe', 'Al', 'Cr', 'Mn']",1.0885195298370975,-4.219148954435342,-0.09140551849248335
34,5,"['Co', 'Mn']",1.2703827528312843,-4.219148954435342,-0.09140551849248335
35,5,"['Zn', 'U']",1.1894159565170188,-4.219148954435342,-0.09140551849248335
36,5,"['Rb', 'Piren']",1.1433227372444057,-4.219148954435342,-0.09140551849248335
37,5,"['Sr', 'EC']",1.2510741817244246,-4.219148954435342,-0.09140551849248335
38,5,"['Fluoren', 'ΣPh', 'Fluoranten']",1.0328293744779657,-4.219148954435342,-0.09140551849248335
39,5,pH,1.206207287394361,-4.219148954435342,-0.09140551849248335
40,5,Sb,1.0457784130662275,-4.219148954435342,-0.09140551849248335
41,5,Acenaften,0.9731497400690388,-4.219148954435342,-0.09140551849248335
42,11,B,1.1866250551144644,-57.44851908901592,0.5275657371281304
43,13,"['Cr', 'Fe', 'Cu']",0.9297457862513786,-9.449602394509826,-0.09030693762313513
44,13,"['Rb', 'Piren']",0.9636858192835719,-9.449602394509826,-0.09030693762313513
45,17,"['EC', 'Sr', 'Antracen']",1.4502008963522945,-112.23707375607098,-0.1503294653744809
46,17,"['ΣPh', 'Fluoren']",1.2522659897295396,-112.23707375607098,-0.1503294653744809
47,17,"['Li', 'Antracen']",1.414481720870634,-112.23707375607098,-0.1503294653744809
48,17,"['V', 'As']",1.3850439585795038,-112.23707375607098,-0.1503294653744809
49,17,"['Cr', 'Fe', 'Cu']",1.4546702617357339,-112.23707375607098,-0.1503294653744809
50,17,"['Mn', 'Fe', 'Co']",1.2629883790446443,-112.23707375607098,-0.1503294653744809
51,17,"['Fe', 'Al', 'Cr', 'Mn']",1.249971842668259,-112.23707375607098,-0.1503294653744809
52,17,"['Co', 'Mn']",1.4542433691086125,-112.23707375607098,-0.1503294653744809
53,17,"['Cu', 'Cr', 'Cd', 'Pb']",1.272089509643679,-112.23707375607098,-0.1503294653744809
54,17,"['Rb', 'Piren']",1.4477220913491824,-112.23707375607098,-0.1503294653744809
55,17,"['Se', 'Mo']",1.4546702617357339,-112.23707375607098,-0.1503294653744809
56,17,"['Sr', 'EC']",1.3836069238979474,-112.23707375607098,-0.1503294653744809
57,17,"['Cd', 'Cu', 'Pb']",1.4550176702550615,-112.23707375607098,-0.1503294653744809
58,17,"['Antracen', 'EC', 'Li']",1.2529139396071067,-112.23707375607098,-0.1503294653744809
59,17,pH,1.3916906891999126,-112.23707375607098,-0.1503294653744809
60,26,Fenantren,1.9221941157289726,-17.557513158522717,0.9439411050880532
61,27,Fenantren,1.093938597044883,-111.13058688769411,0.4775982875707281
62,28,Sb,0.9215539471500453,-255.48879100546856,0.5657404633805465
63,34,"['Cu', 'Cr', 'Cd', 'Pb']",1.0360661461125884,-15.82514636249751,-0.4380918435996466
64,34,"['Zn', 'U']",1.0360661461125884,-15.82514636249751,-0.4380918435996466
65,34,"['Rb', 'Piren']",1.0360661461125884,-15.82514636249751,-0.4380918435996466
66,34,"['Se', 'Mo']",1.0360661461125884,-15.82514636249751,-0.4380918435996466
67,34,"['Sr', 'EC']",1.0360661461125884,-15.82514636249751,-0.4380918435996466
68,34,"['Cd', 'Cu', 'Pb']",1.0360661461125884,-15.82514636249751,-0.4380918435996466
69,34,"['Fluoren', 'ΣPh', 'Fluoranten']",1.0360661461125884,-15.82514636249751,-0.4380918435996466
70,34,"['Antracen', 'EC', 'Li']",1.0360661461125884,-15.82514636249751,-0.4380918435996466
71,34,"['Fluoranten', 'Fluoren']",1.0360661461125884,-15.82514636249751,-0.4380918435996466
72,34,pH,1.0360661461125884,-15.82514636249751,-0.4380918435996466
73,34,TOC,1.0360661461125884,-15.82514636249751,-0.4380918435996466
74,34,HCHO,1.0360661461125884,-15.82514636249751,-0.4380918435996466
75,34,B,1.2687784928621901,-15.82514636249751,-0.4380918435996466
76,34,Ni,1.0360661461125884,-15.82514636249751,-0.4380918435996466
77,34,Ga,1.0360661461125884,-15.82514636249751,-0.4380918435996466
78,34,Sb,1.0360661461125884,-15.82514636249751,-0.4380918435996466
79,34,Ba,1.0360661461125884,-15.82514636249751,-0.4380918435996466
80,34,Naftalen,1.0360661461125884,-15.82514636249751,-0.4380918435996466
81,34,Acenaftylen,1.0360661461125884,-15.82514636249751,-0.4380918435996466
82,34,Acenaften,1.223969404267117,-15.82514636249751,-0.4380918435996466
83,34,Fenantren,1.0360661461125884,-15.82514636249751,-0.4380918435996466
84,37,Ga,1.3260329984310002,-3.571417309612447,0.7956157704042611
85,43,"['EC', 'Sr', 'Antracen']",1.118678832838778,-15.730329445906715,-0.2863666027936558
86,43,"['ΣPh', 'Fluoren']",1.118678832838778,-15.730329445906715,-0.2863666027936558
87,43,"['Li', 'Antracen']",1.118678832838778,-15.730329445906715,-0.2863666027936558
88,43,"['Al', 'Fe']",1.118678832838778,-15.730329445906715,-0.2863666027936558
89,43,"['V', 'As']",1.118678832838778,-15.730329445906715,-0.2863666027936558
90,43,"['Mn', 'Fe', 'Co']",1.219128619573674,-15.730329445906715,-0.2863666027936558
91,43,"['Fe', 'Al', 'Cr', 'Mn']",1.1746190467285391,-15.730329445906715,-0.2863666027936558
92,43,"['Co', 'Mn']",1.1746190467285391,-15.730329445906715,-0.2863666027936558
93,43,"['Cu', 'Cr', 'Cd', 'Pb']",1.1208202195372794,-15.730329445906715,-0.2863666027936558
94,43,"['Zn', 'U']",1.1208202195372794,-15.730329445906715,-0.2863666027936558
95,43,"['Rb', 'Piren']",1.1208202195372794,-15.730329445906715,-0.2863666027936558
96,43,"['Se', 'Mo']",1.1208202195372794,-15.730329445906715,-0.2863666027936558
97,43,"['Sr', 'EC']",1.1208202195372794,-15.730329445906715,-0.2863666027936558
98,43,"['Antracen', 'EC', 'Li']",1.1126936252339918,-15.730329445906715,-0.2863666027936558
99,43,"['Fluoranten', 'Fluoren']",1.1126936252339918,-15.730329445906715,-0.2863666027936558
100,43,pH,1.1126936252339918,-15.730329445906715,-0.2863666027936558
101,43,TOC,1.032998083549335,-15.730329445906715,-0.2863666027936558
102,43,HCHO,1.1126936252339918,-15.730329445906715,-0.2863666027936558
103,43,B,1.1126936252339918,-15.730329445906715,-0.2863666027936558
104,43,Ni,1.1126936252339918,-15.730329445906715,-0.2863666027936558
105,43,Ga,1.220092666269599,-15.730329445906715,-0.2863666027936558
106,43,Sb,1.1126936252339918,-15.730329445906715,-0.2863666027936558
107,43,Ba,1.1126936252339918,-15.730329445906715,-0.2863666027936558
108,43,Naftalen,1.1126936252339918,-15.730329445906715,-0.2863666027936558
109,43,Acenaftylen,1.1126936252339918,-15.730329445906715,-0.2863666027936558
110,43,Acenaften,1.1126936252339918,-15.730329445906715,-0.2863666027936558
111,43,Fenantren,1.1126936252339918,-15.730329445906715,-0.2863666027936558
112,45,"['ΣPh', 'Fluoren']",1.4299291288238805,-36646.830319210865,-0.6695921446449025
113,45,"['Al', 'Fe']",1.42992912882388,-36646.830319210865,-0.6695921446449025
114,45,"['V', 'As']",1.4297109231531357,-36646.830319210865,-0.6695921446449025
115,45,"['Cr', 'Fe', 'Cu']",1.4299320750914797,-36646.830319210865,-0.6695921446449025
116,45,"['Mn', 'Fe', 'Co']",1.429672175270158,-36646.830319210865,-0.6695921446449025
117,45,"['Fe', 'Al', 'Cr', 'Mn']",1.419463928993821,-36646.830319210865,-0.6695921446449025
118,45,"['Co', 'Mn']",1.4274887716345388,-36646.830319210865,-0.6695921446449025
119,45,"['Cu', 'Cr', 'Cd', 'Pb']",1.4006857783663653,-36646.830319210865,-0.6695921446449025
120,45,"['Zn', 'U']",1.4297085720911116,-36646.830319210865,-0.6695921446449025
121,45,"['Se', 'Mo']",1.3861834809847888,-36646.830319210865,-0.6695921446449025
122,45,"['Sr', 'EC']",1.2836406928425745,-36646.830319210865,-0.6695921446449025
123,45,"['Cd', 'Cu', 'Pb']",1.2416955352565426,-36646.830319210865,-0.6695921446449025
124,45,"['Fluoren', 'ΣPh', 'Fluoranten']",1.2827516320697052,-36646.830319210865,-0.6695921446449025
125,45,"['Antracen', 'EC', 'Li']",1.428819541078521,-36646.830319210865,-0.6695921446449025
126,45,"['Fluoranten', 'Fluoren']",1.2974597427214944,-36646.830319210865,-0.6695921446449025
127,45,pH,1.2838588985133192,-36646.830319210865,-0.6695921446449025
128,45,TOC,1.2974656352566938,-36646.830319210865,-0.6695921446449025
129,45,HCHO,1.2974597427214944,-36646.830319210865,-0.6695921446449025
130,45,B,1.2974597427214944,-36646.830319210865,-0.6695921446449025
131,45,Ni,1.304221770759252,-36646.830319210865,-0.6695921446449025
132,45,Ga,1.2974597427214944,-36646.830319210865,-0.6695921446449025
133,45,Sb,1.2974597427214944,-36646.830319210865,-0.6695921446449025
134,45,Ba,1.2974597427214944,-36646.830319210865,-0.6695921446449025
135,45,Naftalen,1.2974597427214944,-36646.830319210865,-0.6695921446449025
136,45,Acenaftylen,1.2974597427214944,-36646.830319210865,-0.6695921446449025
137,45,Acenaften,1.2974597427214944,-36646.830319210865,-0.6695921446449025
138,45,Fenantren,1.2974597427214944,-36646.830319210865,-0.6695921446449025
139,49,Fenantren,1.306525243213731,-5.526273616140697,0.6992118904601058
140,60,"['EC', 'Sr', 'Antracen']",0.9009812443939357,-8.687739135284254,-0.15186588988958327
141,60,"['ΣPh', 'Fluoren']",1.0629256796626878,-8.687739135284254,-0.15186588988958327
142,60,"['Li', 'Antracen']",0.9982506545586497,-8.687739135284254,-0.15186588988958327
143,60,"['Al', 'Fe']",1.1356534017801754,-8.687739135284254,-0.15186588988958327
144,60,"['Cr', 'Fe', 'Cu']",0.9806734857724936,-8.687739135284254,-0.15186588988958327
145,60,"['Mn', 'Fe', 'Co']",0.9282153257656044,-8.687739135284254,-0.15186588988958327
146,60,"['Rb', 'Piren']",0.9256866636363567,-8.687739135284254,-0.15186588988958327
147,60,"['Se', 'Mo']",1.1974657919565486,-8.687739135284254,-0.15186588988958327
148,60,"['Sr', 'EC']",1.0974989545389078,-8.687739135284254,-0.15186588988958327
149,60,"['Cd', 'Cu', 'Pb']",0.9826373694449865,-8.687739135284254,-0.15186588988958327
150,60,"['Antracen', 'EC', 'Li']",1.0416598532665065,-8.687739135284254,-0.15186588988958327
151,60,HCHO,0.9791005844934187,-8.687739135284254,-0.15186588988958327
152,63,Sb,1.1677021173278939,-2.528857588184637,0.9269485402889835
153,68,Ba,1.200434185082571,-0.7406727178667272,0.8336271062218141
154,70,Sb,1.0351730979396354,-390.9287978839748,0.8831001896435344
155,71,"['ΣPh', 'Fluoren']",1.289565093873381,-1611.4579188018897,-0.7115388664567839
156,71,"['Al', 'Fe']",1.3079892416301095,-1611.4579188018897,-0.7115388664567839
157,71,"['V', 'As']",1.2895650938733811,-1611.4579188018897,-0.7115388664567839
158,71,"['Cr', 'Fe', 'Cu']",1.3079887470088378,-1611.4579188018897,-0.7115388664567839
159,71,"['Mn', 'Fe', 'Co']",1.30798924163011,-1611.4579188018897,-0.7115388664567839
160,71,"['Fe', 'Al', 'Cr', 'Mn']",1.3066721750988977,-1611.4579188018897,-0.7115388664567839
161,71,"['Co', 'Mn']",1.3040559583181002,-1611.4579188018897,-0.7115388664567839
162,71,"['Cu', 'Cr', 'Cd', 'Pb']",1.3067819260633389,-1611.4579188018897,-0.7115388664567839
163,71,"['Zn', 'U']",1.3067854433701613,-1611.4579188018897,-0.7115388664567839
164,71,"['Se', 'Mo']",1.2166957844026662,-1611.4579188018897,-0.7115388664567839
165,71,"['Sr', 'EC']",1.3079892416301098,-1611.4579188018897,-0.7115388664567839
166,71,"['Cd', 'Cu', 'Pb']",1.1094602988766895,-1611.4579188018897,-0.7115388664567839
167,71,"['Fluoren', 'ΣPh', 'Fluoranten']",1.3066756924057203,-1611.4579188018897,-0.7115388664567839
168,71,"['Antracen', 'EC', 'Li']",1.3079892416301098,-1611.4579188018897,-0.7115388664567839
169,71,"['Fluoranten', 'Fluoren']",1.30798924163011,-1611.4579188018897,-0.7115388664567839
170,71,pH,1.30798924163011,-1611.4579188018897,-0.7115388664567839
171,71,TOC,1.30798924163011,-1611.4579188018897,-0.7115388664567839
172,71,HCHO,1.30798924163011,-1611.4579188018897,-0.7115388664567839
173,71,B,1.30798924163011,-1611.4579188018897,-0.7115388664567839
174,71,Ni,1.2764947817215375,-1611.4579188018897,-0.7115388664567839
175,71,Ga,1.30798924163011,-1611.4579188018897,-0.7115388664567839
176,71,Sb,1.30798924163011,-1611.4579188018897,-0.7115388664567839
177,71,Ba,0.9864484831782636,-1611.4579188018897,-0.7115388664567839
178,71,Naftalen,1.30798924163011,-1611.4579188018897,-0.7115388664567839
179,71,Acenaftylen,1.30798924163011,-1611.4579188018897,-0.7115388664567839
180,71,Acenaften,1.30798924163011,-1611.4579188018897,-0.7115388664567839
181,71,Fenantren,1.30798924163011,-1611.4579188018897,-0.7115388664567839
182,74,Ba,1.0296631039203374,-8.338415423338883,0.8964001971592933
183,80,Acenaften,1.0759703830483789,-26.896472452620305,0.6449622523217426
184,83,Ba,0.9345938007699319,-5.681040496301632,0.5535021002108733
185,85,B,1.582892826751257,-5.2352096969616815,0.9100280729640692
186,94,"['Li', 'Antracen']",1.0425895502956068,0.12666666666666665,-0.5538756985945412
187,94,"['Al', 'Fe']",1.0425895502956068,0.12666666666666665,-0.5538756985945412
188,94,"['V', 'As']",1.0425895502956068,0.12666666666666665,-0.5538756985945412
189,94,"['Cr', 'Fe', 'Cu']",1.0425895502956068,0.12666666666666665,-0.5538756985945412
190,94,"['Fe', 'Al', 'Cr', 'Mn']",1.0425895502956068,0.12666666666666665,-0.5538756985945412
191,94,"['Co', 'Mn']",1.0425895502956068,0.12666666666666665,-0.5538756985945412
192,94,"['Cu', 'Cr', 'Cd', 'Pb']",1.0425895502956068,0.12666666666666665,-0.5538756985945412
193,94,"['Zn', 'U']",1.0425895502956068,0.12666666666666665,-0.5538756985945412
194,94,"['Rb', 'Piren']",1.0425895502956068,0.12666666666666665,-0.5538756985945412
195,94,"['Se', 'Mo']",1.0425895502956068,0.12666666666666665,-0.5538756985945412
196,94,"['Sr', 'EC']",1.0425895502956068,0.12666666666666665,-0.5538756985945412
197,94,"['Cd', 'Cu', 'Pb']",1.0425895502956068,0.12666666666666665,-0.5538756985945412
198,94,"['Antracen', 'EC', 'Li']",1.0425895502956068,0.12666666666666665,-0.5538756985945412
199,94,"['Fluoranten', 'Fluoren']",1.0425895502956068,0.12666666666666665,-0.5538756985945412
200,94,pH,1.0425895502956068,0.12666666666666665,-0.5538756985945412
201,94,TOC,1.0425895502956068,0.12666666666666665,-0.5538756985945412
202,94,HCHO,1.0425895502956068,0.12666666666666665,-0.5538756985945412
203,94,B,1.0425895502956068,0.12666666666666665,-0.5538756985945412
204,94,Ni,1.0425895502956068,0.12666666666666665,-0.5538756985945412
205,94,Ga,1.0425895502956068,0.12666666666666665,-0.5538756985945412
206,94,Sb,1.0425895502956068,0.12666666666666665,-0.5538756985945412
207,94,Ba,1.0425895502956068,0.12666666666666665,-0.5538756985945412
208,94,Naftalen,1.0425895502956068,0.12666666666666665,-0.5538756985945412
209,94,Acenaftylen,1.0425895502956068,0.12666666666666665,-0.5538756985945412
210,94,Acenaften,1.0425895502956068,0.12666666666666665,-0.5538756985945412
211,94,Fenantren,1.0425895502956068,0.12666666666666665,-0.5538756985945412
212,96,"['EC', 'Sr', 'Antracen']",1.5146079624959257,-589.9047688417791,-0.8714830676625591
213,96,"['ΣPh', 'Fluoren']",1.5918873367271125,-589.9047688417791,-0.8714830676625591
214,96,"['Li', 'Antracen']",1.5842688433030265,-589.9047688417791,-0.8714830676625591
215,96,"['Al', 'Fe']",1.547506705503566,-589.9047688417791,-0.8714830676625591
216,96,"['V', 'As']",1.5966618498996934,-589.9047688417791,-0.8714830676625591
217,96,"['Mn', 'Fe', 'Co']",1.1801195533041267,-589.9047688417791,-0.8714830676625591
218,96,"['Co', 'Mn']",1.6242189804906384,-589.9047688417791,-0.8714830676625591
219,96,"['Cu', 'Cr', 'Cd', 'Pb']",1.595280283686032,-589.9047688417791,-0.8714830676625591
220,96,"['Zn', 'U']",1.5020915215668644,-589.9047688417791,-0.8714830676625591
221,96,"['Rb', 'Piren']",1.6112159554345502,-589.9047688417791,-0.8714830676625591
222,96,"['Se', 'Mo']",1.4304989433638535,-589.9047688417791,-0.8714830676625591
223,96,"['Sr', 'EC']",1.6205239354890926,-589.9047688417791,-0.8714830676625591
224,96,"['Cd', 'Cu', 'Pb']",1.6247115533453826,-589.9047688417791,-0.8714830676625591
225,96,"['Fluoren', 'ΣPh', 'Fluoranten']",1.6017298107304196,-589.9047688417791,-0.8714830676625591
226,96,"['Antracen', 'EC', 'Li']",1.611635166374758,-589.9047688417791,-0.8714830676625591
227,96,"['Fluoranten', 'Fluoren']",1.6116351663747581,-589.9047688417791,-0.8714830676625591
228,96,pH,1.611635166374758,-589.9047688417791,-0.8714830676625591
229,96,TOC,1.5770921849016355,-589.9047688417791,-0.8714830676625591
230,96,HCHO,1.6116351663747581,-589.9047688417791,-0.8714830676625591
231,96,B,1.6116351663747581,-589.9047688417791,-0.8714830676625591
232,96,Ni,1.6116351663747581,-589.9047688417791,-0.8714830676625591
233,96,Ga,1.6116351663747581,-589.9047688417791,-0.8714830676625591
234,96,Sb,1.6116351663747581,-589.9047688417791,-0.8714830676625591
235,96,Ba,1.6116351663747581,-589.9047688417791,-0.8714830676625591
236,96,Naftalen,1.6116351663747581,-589.9047688417791,-0.8714830676625591
237,96,Acenaftylen,1.6116351663747581,-589.9047688417791,-0.8714830676625591
238,96,Acenaften,1.6116351663747581,-589.9047688417791,-0.8714830676625591
239,96,Fenantren,1.6116351663747581,-589.9047688417791,-0.8714830676625591
240,104,B,0.923713839170941,-34.53274538860262,0.07053250383248866
241,107,"['EC', 'Sr', 'Antracen']",1.0089765064142808,-1293.482164729929,0.006128260325587553
242,107,"['ΣPh', 'Fluoren']",1.1119815932132653,-1293.482164729929,0.006128260325587553
243,107,"['Li', 'Antracen']",1.1119815932132653,-1293.482164729929,0.006128260325587553
244,107,"['Al', 'Fe']",1.0427772784225229,-1293.482164729929,0.006128260325587553
245,107,"['V', 'As']",1.0868592561945398,-1293.482164729929,0.006128260325587553
246,107,"['Cr', 'Fe', 'Cu']",0.9716263393385444,-1293.482164729929,0.006128260325587553
247,107,"['Fe', 'Al', 'Cr', 'Mn']",1.1464877057732594,-1293.482164729929,0.006128260325587553
248,107,"['Co', 'Mn']",1.1522489505258888,-1293.482164729929,0.006128260325587553
249,107,"['Cu', 'Cr', 'Cd', 'Pb']",1.0912502902031922,-1293.482164729929,0.006128260325587553
250,107,"['Zn', 'U']",1.1292039715153712,-1293.482164729929,0.006128260325587553
251,107,"['Se', 'Mo']",1.1522489505258888,-1293.482164729929,0.006128260325587553
252,107,"['Sr', 'EC']",1.0580530324313924,-1293.482164729929,0.006128260325587553
253,107,"['Cd', 'Cu', 'Pb']",1.1235340741456734,-1293.482164729929,0.006128260325587553
254,107,"['Fluoren', 'ΣPh', 'Fluoranten']",1.1464877057732594,-1293.482164729929,0.006128260325587553
255,107,"['Antracen', 'EC', 'Li']",1.1292039715153712,-1293.482164729929,0.006128260325587553
256,109,Ga,1.1044462010331229,-2.2169110124911824,0.49421297660000163
257,111,Acenaftylen,1.1792943313704434,-15.076668387208485,0.8870855488762808
258,120,Ga,0.9567541783676057,-144.58960222995273,0.49226832140592447
259,127,HCHO,1.1991413683712255,-2.1788199668100807,0.638669817366681
260,149,"['Fe', 'Al', 'Cr', 'Mn']",0.9183630682331497,-2.398962343369569,0.02843068370629609
261,149,"['Rb', 'Piren']",0.9006037569279958,-2.398962343369569,0.02843068370629609
262,149,Ni,1.0058611778869762,-2.398962343369569,0.02843068370629609
263,150,"['Mn', 'Fe', 'Co']",0.963624393378512,-1.9234070009288224,0.02268869023449005
264,150,TOC,1.003281683565056,-1.9234070009288224,0.02268869023449005
265,150,HCHO,0.9486646771190193,-1.9234070009288224,0.02268869023449005
266,152,Sb,1.4218057944777036,-0.5169093627150894,0.8498788170297782
267,164,"['ΣPh', 'Fluoren']",1.0115749938858356,-6.580331411960846,-0.23428855405811588
268,164,"['Li', 'Antracen']",1.0032995267027622,-6.580331411960846,-0.23428855405811588
269,164,"['Cr', 'Fe', 'Cu']",0.9064237779346487,-6.580331411960846,-0.23428855405811588
270,164,"['Mn', 'Fe', 'Co']",1.0226878522947946,-6.580331411960846,-0.23428855405811588
271,164,"['Rb', 'Piren']",1.0099384207040132,-6.580331411960846,-0.23428855405811588
272,164,"['Se', 'Mo']",1.0460066169122226,-6.580331411960846,-0.23428855405811588
273,164,"['Antracen', 'EC', 'Li']",1.06110970831205,-6.580331411960846,-0.23428855405811588
274,164,Acenaften,0.9980472706353258,-6.580331411960846,-0.23428855405811588
275,167,"['EC', 'Sr', 'Antracen']",1.0122921282138406,-216.90182010881193,-0.510799184505607
276,167,"['ΣPh', 'Fluoren']",1.0122921282138406,-216.90182010881193,-0.510799184505607
277,167,"['Li', 'Antracen']",1.0122921282138406,-216.90182010881193,-0.510799184505607
278,167,"['Al', 'Fe']",1.0122921282138406,-216.90182010881193,-0.510799184505607
279,167,"['V', 'As']",1.0122921282138406,-216.90182010881193,-0.510799184505607
280,167,"['Cr', 'Fe', 'Cu']",1.0383372975421905,-216.90182010881193,-0.510799184505607
281,167,"['Mn', 'Fe', 'Co']",0.9455951976441275,-216.90182010881193,-0.510799184505607
282,167,"['Fe', 'Al', 'Cr', 'Mn']",1.0383372975421905,-216.90182010881193,-0.510799184505607
283,167,"['Co', 'Mn']",1.0383372975421905,-216.90182010881193,-0.510799184505607
284,167,"['Cd', 'Cu', 'Pb']",1.0661343300487032,-216.90182010881193,-0.510799184505607
285,167,"['Fluoren', 'ΣPh', 'Fluoranten']",1.0122921282138408,-216.90182010881193,-0.510799184505607
286,167,"['Antracen', 'EC', 'Li']",1.03822629969419,-216.90182010881193,-0.510799184505607
287,167,"['Fluoranten', 'Fluoren']",1.03822629969419,-216.90182010881193,-0.510799184505607
288,167,pH,1.03822629969419,-216.90182010881193,-0.510799184505607
289,167,TOC,1.066134330048703,-216.90182010881193,-0.510799184505607
290,167,HCHO,1.03822629969419,-216.90182010881193,-0.510799184505607
291,167,B,1.03822629969419,-216.90182010881193,-0.510799184505607
292,167,Ni,1.03822629969419,-216.90182010881193,-0.510799184505607
293,167,Ga,1.03822629969419,-216.90182010881193,-0.510799184505607
294,167,Sb,1.03822629969419,-216.90182010881193,-0.510799184505607
295,167,Naftalen,1.03822629969419,-216.90182010881193,-0.510799184505607
296,167,Acenaftylen,1.03822629969419,-216.90182010881193,-0.510799184505607
297,167,Acenaften,1.03822629969419,-216.90182010881193,-0.510799184505607
298,167,Fenantren,1.03822629969419,-216.90182010881193,-0.510799184505607
299,168,B,1.1479515465225916,-0.45196930460126084,0.429150186904268
300,169,"['EC', 'Sr', 'Antracen']",1.0337951022361669,0.11860934826996306,-0.5508439173838413
301,169,"['ΣPh', 'Fluoren']",1.0337951022361669,0.11860934826996306,-0.5508439173838413
302,169,"['Li', 'Antracen']",1.0337951022361669,0.11860934826996306,-0.5508439173838413
303,169,"['Al', 'Fe']",1.0337951022361669,0.11860934826996306,-0.5508439173838413
304,169,"['V', 'As']",1.0337951022361669,0.11860934826996306,-0.5508439173838413
305,169,"['Cr', 'Fe', 'Cu']",1.0337951022361669,0.11860934826996306,-0.5508439173838413
306,169,"['Mn', 'Fe', 'Co']",1.0337951022361669,0.11860934826996306,-0.5508439173838413
307,169,"['Fe', 'Al', 'Cr', 'Mn']",1.033694259549773,0.11860934826996306,-0.5508439173838413
308,169,"['Co', 'Mn']",1.033694259549773,0.11860934826996306,-0.5508439173838413
309,169,"['Cu', 'Cr', 'Cd', 'Pb']",1.0337951022361669,0.11860934826996306,-0.5508439173838413
310,169,"['Zn', 'U']",1.0337951022361669,0.11860934826996306,-0.5508439173838413
311,169,"['Rb', 'Piren']",1.0337951022361669,0.11860934826996306,-0.5508439173838413
312,169,"['Se', 'Mo']",1.0337951022361669,0.11860934826996306,-0.5508439173838413
313,169,"['Sr', 'EC']",1.0337951022361669,0.11860934826996306,-0.5508439173838413
314,169,"['Cd', 'Cu', 'Pb']",1.0337951022361669,0.11860934826996306,-0.5508439173838413
315,169,"['Fluoren', 'ΣPh', 'Fluoranten']",1.0337951022361669,0.11860934826996306,-0.5508439173838413
316,169,"['Antracen', 'EC', 'Li']",1.0337951022361669,0.11860934826996306,-0.5508439173838413
317,169,"['Fluoranten', 'Fluoren']",1.0337951022361669,0.11860934826996306,-0.5508439173838413
318,169,pH,1.0337951022361669,0.11860934826996306,-0.5508439173838413
319,169,TOC,1.0337951022361669,0.11860934826996306,-0.5508439173838413
320,169,HCHO,1.0337951022361669,0.11860934826996306,-0.5508439173838413
321,169,B,1.0337951022361669,0.11860934826996306,-0.5508439173838413
322,169,Ni,1.0337951022361669,0.11860934826996306,-0.5508439173838413
323,169,Ga,1.0337951022361669,0.11860934826996306,-0.5508439173838413
324,169,Sb,1.0337951022361669,0.11860934826996306,-0.5508439173838413
325,169,Ba,1.0337951022361669,0.11860934826996306,-0.5508439173838413
326,169,Naftalen,1.0337951022361669,0.11860934826996306,-0.5508439173838413
327,169,Acenaftylen,1.0337951022361669,0.11860934826996306,-0.5508439173838413
328,169,Acenaften,1.0337951022361669,0.11860934826996306,-0.5508439173838413
329,169,Fenantren,1.0337951022361669,0.11860934826996306,-0.5508439173838413
330,171,"['V', 'As']",0.9184619580038179,-25.182128677533292,-0.3411767761372342
331,171,Naftalen,1.108470658511564,-25.182128677533292,-0.3411767761372342
332,175,Ni,0.9476035277367287,-41.14925653466521,0.6439873951564472
333,175,Naftalen,1.163221927569384,-41.14925653466521,0.6439873951564472
334,183,Ni,0.9237001424501423,-2.7716425849772124,0.23119658119658126
335,186,Ba,1.0182323683664167,-5.379311204634147,0.7947734719852683
336,187,Ba,1.1229022532941184,-1.0022001490270274,0.8948348876059175
337,188,B,1.4925438330401022,0.08173700129626975,0.691383041113066
338,192,"['Fe', 'Al', 'Cr', 'Mn']",1.0439824527942019,-243.8234126830004,-0.5243944306694641
339,192,"['Co', 'Mn']",1.0439824527942019,-243.8234126830004,-0.5243944306694641
340,192,"['Cu', 'Cr', 'Cd', 'Pb']",1.0268930001907306,-243.8234126830004,-0.5243944306694641
341,192,"['Zn', 'U']",1.0268930001907306,-243.8234126830004,-0.5243944306694641
342,192,"['Rb', 'Piren']",1.0268930001907306,-243.8234126830004,-0.5243944306694641
343,192,"['Se', 'Mo']",1.0268930001907306,-243.8234126830004,-0.5243944306694641
344,192,"['Sr', 'EC']",1.0268930001907306,-243.8234126830004,-0.5243944306694641
345,192,"['Cd', 'Cu', 'Pb']",1.0268930001907306,-243.8234126830004,-0.5243944306694641
346,192,"['Fluoren', 'ΣPh', 'Fluoranten']",1.0268930001907306,-243.8234126830004,-0.5243944306694641
347,192,"['Antracen', 'EC', 'Li']",1.0268930001907306,-243.8234126830004,-0.5243944306694641
348,192,"['Fluoranten', 'Fluoren']",1.0268930001907306,-243.8234126830004,-0.5243944306694641
349,192,pH,1.0268930001907306,-243.8234126830004,-0.5243944306694641
350,192,TOC,1.0268930001907306,-243.8234126830004,-0.5243944306694641
351,192,HCHO,1.0268930001907306,-243.8234126830004,-0.5243944306694641
352,192,B,1.0268930001907306,-243.8234126830004,-0.5243944306694641
353,192,Ni,1.0268930001907306,-243.8234126830004,-0.5243944306694641
354,192,Ga,1.0268930001907306,-243.8234126830004,-0.5243944306694641
355,192,Sb,1.0268930001907306,-243.8234126830004,-0.5243944306694641
356,192,Ba,1.0268930001907306,-243.8234126830004,-0.5243944306694641
357,192,Naftalen,1.0268930001907306,-243.8234126830004,-0.5243944306694641
358,192,Acenaftylen,1.0268930001907306,-243.8234126830004,-0.5243944306694641
359,192,Acenaften,1.0268930001907306,-243.8234126830004,-0.5243944306694641
360,192,Fenantren,1.0268930001907306,-243.8234126830004,-0.5243944306694641
361,204,"['EC', 'Sr', 'Antracen']",1.6456268475047815,-184.52482433243912,-0.8946157425030661
362,204,"['Li', 'Antracen']",1.1459271478050823,-184.52482433243912,-0.8946157425030661
363,204,"['Al', 'Fe']",1.6467453368861817,-184.52482433243912,-0.8946157425030661
364,204,"['V', 'As']",1.5858036440196064,-184.52482433243912,-0.8946157425030661
365,204,"['Cr', 'Fe', 'Cu']",1.554621287954621,-184.52482433243912,-0.8946157425030661
366,204,"['Mn', 'Fe', 'Co']",1.615683288922725,-184.52482433243912,-0.8946157425030661
367,204,"['Fe', 'Al', 'Cr', 'Mn']",1.6456268475047815,-184.52482433243912,-0.8946157425030661
368,204,"['Co', 'Mn']",1.5858036440196064,-184.52482433243912,-0.8946157425030661
369,204,"['Cu', 'Cr', 'Cd', 'Pb']",1.6468976018271793,-184.52482433243912,-0.8946157425030661
370,204,"['Zn', 'U']",1.6468976018271793,-184.52482433243912,-0.8946157425030661
371,204,"['Rb', 'Piren']",1.6468976018271788,-184.52482433243912,-0.8946157425030661
372,204,"['Se', 'Mo']",1.6157152457621944,-184.52482433243912,-0.8946157425030661
373,204,"['Sr', 'EC']",1.6144444914397962,-184.52482433243912,-0.8946157425030661
374,204,"['Cd', 'Cu', 'Pb']",1.6468976018271793,-184.52482433243912,-0.8946157425030661
375,204,"['Fluoren', 'ΣPh', 'Fluoranten']",1.5858036440196064,-184.52482433243912,-0.8946157425030661
376,204,"['Fluoranten', 'Fluoren']",1.6468976018271788,-184.52482433243912,-0.8946157425030661
377,204,pH,1.6468976018271788,-184.52482433243912,-0.8946157425030661
378,204,TOC,1.6468976018271788,-184.52482433243912,-0.8946157425030661
379,204,HCHO,1.6468976018271788,-184.52482433243912,-0.8946157425030661
380,204,B,1.6468976018271788,-184.52482433243912,-0.8946157425030661
381,204,Ni,1.6468976018271788,-184.52482433243912,-0.8946157425030661
382,204,Ga,1.6468976018271788,-184.52482433243912,-0.8946157425030661
383,204,Sb,1.6468976018271788,-184.52482433243912,-0.8946157425030661
384,204,Ba,1.6468976018271788,-184.52482433243912,-0.8946157425030661
385,204,Naftalen,1.6468976018271788,-184.52482433243912,-0.8946157425030661
386,204,Acenaftylen,1.5839238299332195,-184.52482433243912,-0.8946157425030661
387,204,Acenaften,1.6468976018271788,-184.52482433243912,-0.8946157425030661
388,204,Fenantren,1.6468976018271788,-184.52482433243912,-0.8946157425030661
389,206,"['Fe', 'Al', 'Cr', 'Mn']",1.173446292489462,-2.388138126907457,-0.6555161029091137
390,206,"['Co', 'Mn']",1.173446292489462,-2.388138126907457,-0.6555161029091137
391,206,"['Cu', 'Cr', 'Cd', 'Pb']",1.2285969393052183,-2.388138126907457,-0.6555161029091137
392,206,"['Zn', 'U']",1.2285969393052183,-2.388138126907457,-0.6555161029091137
393,206,"['Rb', 'Piren']",1.2285969393052183,-2.388138126907457,-0.6555161029091137
394,206,"['Se', 'Mo']",1.2285969393052183,-2.388138126907457,-0.6555161029091137
395,206,"['Sr', 'EC']",1.2285969393052183,-2.388138126907457,-0.6555161029091137
396,206,"['Cd', 'Cu', 'Pb']",1.2285969393052183,-2.388138126907457,-0.6555161029091137
397,206,"['Fluoren', 'ΣPh', 'Fluoranten']",1.2285969393052183,-2.388138126907457,-0.6555161029091137
398,206,"['Antracen', 'EC', 'Li']",1.2285969393052183,-2.388138126907457,-0.6555161029091137
399,206,"['Fluoranten', 'Fluoren']",1.2285969393052183,-2.388138126907457,-0.6555161029091137
400,206,pH,1.2285969393052183,-2.388138126907457,-0.6555161029091137
401,206,TOC,1.2285969393052183,-2.388138126907457,-0.6555161029091137
402,206,HCHO,1.2285969393052183,-2.388138126907457,-0.6555161029091137
403,206,B,1.2285969393052183,-2.388138126907457,-0.6555161029091137
404,206,Ni,1.2285969393052183,-2.388138126907457,-0.6555161029091137
405,206,Ga,1.2817541892481157,-2.388138126907457,-0.6555161029091137
406,206,Sb,1.2285969393052183,-2.388138126907457,-0.6555161029091137
407,206,Ba,1.2285969393052183,-2.388138126907457,-0.6555161029091137
408,206,Naftalen,1.2285969393052183,-2.388138126907457,-0.6555161029091137
409,206,Acenaftylen,1.236570526796653,-2.388138126907457,-0.6555161029091137
410,206,Acenaften,1.2285969393052183,-2.388138126907457,-0.6555161029091137
411,206,Fenantren,1.2285969393052183,-2.388138126907457,-0.6555161029091137
412,210,"['Fe', 'Al', 'Cr', 'Mn']",0.9335665453974469,-4.2802918529770375,-0.509309370228777
413,210,"['Co', 'Mn']",0.9335665453974469,-4.2802918529770375,-0.509309370228777
414,210,"['Cu', 'Cr', 'Cd', 'Pb']",0.9580651817590744,-4.2802918529770375,-0.509309370228777
415,210,"['Zn', 'U']",0.9580651817590744,-4.2802918529770375,-0.509309370228777
416,210,"['Rb', 'Piren']",0.9580651817590744,-4.2802918529770375,-0.509309370228777
417,210,"['Se', 'Mo']",0.9580651817590744,-4.2802918529770375,-0.509309370228777
418,210,"['Sr', 'EC']",0.9580651817590744,-4.2802918529770375,-0.509309370228777
419,210,"['Cd', 'Cu', 'Pb']",0.9580651817590744,-4.2802918529770375,-0.509309370228777
420,210,"['Fluoren', 'ΣPh', 'Fluoranten']",0.9580651817590744,-4.2802918529770375,-0.509309370228777
421,210,"['Antracen', 'EC', 'Li']",0.9580651817590744,-4.2802918529770375,-0.509309370228777
422,210,"['Fluoranten', 'Fluoren']",0.9580651817590744,-4.2802918529770375,-0.509309370228777
423,210,pH,0.9580651817590744,-4.2802918529770375,-0.509309370228777
424,210,TOC,0.9580651817590744,-4.2802918529770375,-0.509309370228777
425,210,HCHO,0.9580651817590744,-4.2802918529770375,-0.509309370228777
426,210,B,0.9580651817590744,-4.2802918529770375,-0.509309370228777
427,210,Ni,0.9580651817590744,-4.2802918529770375,-0.509309370228777
428,210,Ga,0.9580651817590744,-4.2802918529770375,-0.509309370228777
429,210,Sb,0.9580651817590744,-4.2802918529770375,-0.509309370228777
430,210,Ba,0.9580651817590744,-4.2802918529770375,-0.509309370228777
431,210,Naftalen,0.9580651817590744,-4.2802918529770375,-0.509309370228777
432,210,Acenaftylen,0.9580651817590744,-4.2802918529770375,-0.509309370228777
433,210,Acenaften,0.9580651817590744,-4.2802918529770375,-0.509309370228777
434,210,Fenantren,0.9580651817590744,-4.2802918529770375,-0.509309370228777
435,212,Sb,0.9740797211936398,-36.433341666666664,0.4754955347418863
436,216,Fenantren,1.6643990929705212,-0.664551550430534,0.8545918367346939
437,217,HCHO,1.1180722891566266,-2.5383441347167017,0.7713205764233404
438,219,Sb,1.3667435826550118,-3.7160715606015686,0.4371402416868754
439,220,Ga,1.086218505647263,-1.2458583892642534,0.5216442224152911
440,222,Ga,1.4280853291453999,-1.3780057194696358,0.5692411240114421
441,232,Ba,1.0129943502824859,-12.417859003831413,0.7112994350282487
442,235,"['EC', 'Sr', 'Antracen']",0.9817906960764105,-7.285449857704505,0.09634377166844688
443,235,"['ΣPh', 'Fluoren']",0.9817906960764105,-7.285449857704505,0.09634377166844688
444,235,"['Li', 'Antracen']",0.9817906960764105,-7.285449857704505,0.09634377166844688
445,235,"['Al', 'Fe']",0.9817906960764105,-7.285449857704505,0.09634377166844688
446,235,"['V', 'As']",0.9817906960764105,-7.285449857704505,0.09634377166844688
447,235,"['Fe', 'Al', 'Cr', 'Mn']",1.1344614980978618,-7.285449857704505,0.09634377166844688
448,235,"['Co', 'Mn']",1.1344614980978618,-7.285449857704505,0.09634377166844688
449,235,"['Cu', 'Cr', 'Cd', 'Pb']",1.2284127608802935,-7.285449857704505,0.09634377166844688
450,235,"['Zn', 'U']",1.2284127608802935,-7.285449857704505,0.09634377166844688
451,235,"['Rb', 'Piren']",1.2284127608802935,-7.285449857704505,0.09634377166844688
452,235,"['Se', 'Mo']",1.2284127608802935,-7.285449857704505,0.09634377166844688
453,235,"['Sr', 'EC']",1.2284127608802935,-7.285449857704505,0.09634377166844688
454,236,Ga,1.166577441008113,-1.1304702914223541,0.801122870595341
455,239,Ba,1.5881561238223418,-6.781564848731516,0.022581127560939218
456,239,Fenantren,0.9158067892926574,-6.781564848731516,0.022581127560939218
457,248,"['Fe', 'Al', 'Cr', 'Mn']",0.9238793815164725,-5.964884709950391,-0.8620291609230186
458,248,"['Co', 'Mn']",0.9238793815164725,-5.964884709950391,-0.8620291609230186
459,248,"['Cu', 'Cr', 'Cd', 'Pb']",1.5752165775700726,-5.964884709950391,-0.8620291609230186
460,248,"['Zn', 'U']",1.5752165775700726,-5.964884709950391,-0.8620291609230186
461,248,"['Rb', 'Piren']",1.5752165775700726,-5.964884709950391,-0.8620291609230186
462,248,"['Se', 'Mo']",1.5752165775700726,-5.964884709950391,-0.8620291609230186
463,248,"['Sr', 'EC']",1.5752165775700726,-5.964884709950391,-0.8620291609230186
464,248,"['Cd', 'Cu', 'Pb']",1.5419930740006056,-5.964884709950391,-0.8620291609230186
465,248,"['Fluoren', 'ΣPh', 'Fluoranten']",1.6330845352968208,-5.964884709950391,-0.8620291609230186
466,248,"['Antracen', 'EC', 'Li']",1.5246948861917093,-5.964884709950391,-0.8620291609230186
467,248,"['Fluoranten', 'Fluoren']",1.5246948861917093,-5.964884709950391,-0.8620291609230186
468,248,pH,1.5246948861917093,-5.964884709950391,-0.8620291609230186
469,248,TOC,1.363312376021249,-5.964884709950391,-0.8620291609230186
470,248,HCHO,1.5728911004269912,-5.964884709950391,-0.8620291609230186
471,248,B,1.5246948861917093,-5.964884709950391,-0.8620291609230186
472,248,Ni,1.5246948861917093,-5.964884709950391,-0.8620291609230186
473,248,Ga,1.5246948861917093,-5.964884709950391,-0.8620291609230186
474,248,Sb,1.5246948861917093,-5.964884709950391,-0.8620291609230186
475,248,Ba,1.5246948861917093,-5.964884709950391,-0.8620291609230186
476,248,Naftalen,1.5246948861917093,-5.964884709950391,-0.8620291609230186
477,248,Acenaftylen,1.5246948861917093,-5.964884709950391,-0.8620291609230186
478,248,Acenaften,1.5246948861917093,-5.964884709950391,-0.8620291609230186
479,248,Fenantren,1.5246948861917093,-5.964884709950391,-0.8620291609230186
480,255,"['ΣPh', 'Fluoren']",0.9203834931221344,-11.954935154290368,-0.6513324996526331
481,255,"['Li', 'Antracen']",1.1760455745449494,-11.954935154290368,-0.6513324996526331
482,255,"['Al', 'Fe']",1.1760455745449494,-11.954935154290368,-0.6513324996526331
483,255,"['V', 'As']",1.0849854105877452,-11.954935154290368,-0.6513324996526331
484,255,"['Mn', 'Fe', 'Co']",1.1760455745449496,-11.954935154290368,-0.6513324996526331
485,255,"['Fe', 'Al', 'Cr', 'Mn']",1.0363540364040573,-11.954935154290368,-0.6513324996526331
486,255,"['Co', 'Mn']",1.0849854105877452,-11.954935154290368,-0.6513324996526331
487,255,"['Cu', 'Cr', 'Cd', 'Pb']",1.084985410587745,-11.954935154290368,-0.6513324996526331
488,255,"['Zn', 'U']",1.1274142003612617,-11.954935154290368,-0.6513324996526331
489,255,"['Se', 'Mo']",1.0801834097540643,-11.954935154290368,-0.6513324996526331
490,255,"['Sr', 'EC']",1.1760455745449496,-11.954935154290368,-0.6513324996526331
491,255,"['Cd', 'Cu', 'Pb']",1.171243573711269,-11.954935154290368,-0.6513324996526331
492,255,"['Antracen', 'EC', 'Li']",0.9203834931221342,-11.954935154290368,-0.6513324996526331
493,255,"['Fluoranten', 'Fluoren']",1.1712435737112687,-11.954935154290368,-0.6513324996526331
494,255,pH,1.1712435737112687,-11.954935154290368,-0.6513324996526331
495,255,TOC,1.1712435737112687,-11.954935154290368,-0.6513324996526331
496,255,HCHO,1.1712435737112687,-11.954935154290368,-0.6513324996526331
497,255,B,1.1712435737112687,-11.954935154290368,-0.6513324996526331
498,255,Ni,1.17924690843407,-11.954935154290368,-0.6513324996526331
499,255,Ga,1.1712435737112687,-11.954935154290368,-0.6513324996526331
500,255,Sb,1.1712435737112687,-11.954935154290368,-0.6513324996526331
501,255,Ba,1.1712435737112687,-11.954935154290368,-0.6513324996526331
502,255,Naftalen,1.1712435737112687,-11.954935154290368,-0.6513324996526331
503,255,Acenaftylen,1.1712435737112687,-11.954935154290368,-0.6513324996526331
504,255,Acenaften,1.1712435737112687,-11.954935154290368,-0.6513324996526331
505,255,Fenantren,1.1712435737112687,-11.954935154290368,-0.6513324996526331
506,256,Acenaftylen,1.465143235635039,-1.472462916263887,0.8129657228017884
507,260,"['EC', 'Sr', 'Antracen']",0.9158249158249158,-2.6759049603474248,-0.40896140896140887
508,260,"['Al', 'Fe']",1.091945091945092,-2.6759049603474248,-0.40896140896140887
509,260,"['Mn', 'Fe', 'Co']",0.9013209013209013,-2.6759049603474248,-0.40896140896140887
510,260,"['Fe', 'Al', 'Cr', 'Mn']",1.0712250712250708,-2.6759049603474248,-0.40896140896140887
511,260,"['Zn', 'U']",1.2903392903392903,-2.6759049603474248,-0.40896140896140887
512,260,"['Rb', 'Piren']",1.1002331002331003,-2.6759049603474248,-0.40896140896140887
513,260,"['Cd', 'Cu', 'Pb']",0.9013209013209013,-2.6759049603474248,-0.40896140896140887
514,260,"['Fluoranten', 'Fluoren']",0.9406889406889406,-2.6759049603474248,-0.40896140896140887
515,260,pH,0.9448329448329448,-2.6759049603474248,-0.40896140896140887
516,260,TOC,0.9406889406889406,-2.6759049603474248,-0.40896140896140887
517,260,HCHO,0.9406889406889406,-2.6759049603474248,-0.40896140896140887
518,260,B,0.9406889406889406,-2.6759049603474248,-0.40896140896140887
519,260,Ni,0.9406889406889406,-2.6759049603474248,-0.40896140896140887
520,260,Ga,0.9406889406889406,-2.6759049603474248,-0.40896140896140887
521,260,Sb,0.9406889406889406,-2.6759049603474248,-0.40896140896140887
522,260,Ba,0.9406889406889406,-2.6759049603474248,-0.40896140896140887
523,260,Naftalen,0.9406889406889406,-2.6759049603474248,-0.40896140896140887
524,260,Acenaftylen,0.9406889406889406,-2.6759049603474248,-0.40896140896140887
525,260,Acenaften,0.9406889406889406,-2.6759049603474248,-0.40896140896140887
526,260,Fenantren,0.9406889406889406,-2.6759049603474248,-0.40896140896140887
527,270,Ba,1.5195110484250116,-0.42750000000000005,0.8871650211565585
528,282,Ni,1.0071630128065987,-0.04561266642891093,0.47095000361768335
529,283,B,1.188888888888889,-0.3769230769230768,0.2222222222222221
530,284,Fenantren,1.6493055555555556,-0.3492833202511772,0.7638888888888888
531,288,"['ΣPh', 'Fluoren']",0.9423076923076924,-2.226805555555555,-0.23076923076923084
532,288,"['Li', 'Antracen']",0.9423076923076924,-2.226805555555555,-0.23076923076923084
533,288,"['Al', 'Fe']",0.9423076923076924,-2.226805555555555,-0.23076923076923084
534,288,"['V', 'As']",0.9423076923076924,-2.226805555555555,-0.23076923076923084
535,288,"['Cr', 'Fe', 'Cu']",0.9423076923076924,-2.226805555555555,-0.23076923076923084
536,288,"['Mn', 'Fe', 'Co']",0.9423076923076924,-2.226805555555555,-0.23076923076923084
537,288,"['Fe', 'Al', 'Cr', 'Mn']",0.9423076923076924,-2.226805555555555,-0.23076923076923084
538,288,"['Co', 'Mn']",0.9423076923076924,-2.226805555555555,-0.23076923076923084
539,288,"['Cu', 'Cr', 'Cd', 'Pb']",0.9423076923076924,-2.226805555555555,-0.23076923076923084
540,288,"['Zn', 'U']",0.9423076923076924,-2.226805555555555,-0.23076923076923084
541,288,"['Se', 'Mo']",0.9423076923076924,-2.226805555555555,-0.23076923076923084
542,288,"['Sr', 'EC']",0.9423076923076924,-2.226805555555555,-0.23076923076923084
543,288,"['Cd', 'Cu', 'Pb']",0.9423076923076924,-2.226805555555555,-0.23076923076923084
544,288,"['Fluoranten', 'Fluoren']",0.9423076923076924,-2.226805555555555,-0.23076923076923084
545,288,pH,0.9423076923076924,-2.226805555555555,-0.23076923076923084
546,288,TOC,0.9423076923076924,-2.226805555555555,-0.23076923076923084
547,288,HCHO,0.9423076923076924,-2.226805555555555,-0.23076923076923084
548,288,B,0.9423076923076924,-2.226805555555555,-0.23076923076923084
549,288,Ni,0.9423076923076924,-2.226805555555555,-0.23076923076923084
550,288,Ga,1.173076923076923,-2.226805555555555,-0.23076923076923084
551,288,Sb,0.9423076923076924,-2.226805555555555,-0.23076923076923084
552,288,Ba,0.9423076923076924,-2.226805555555555,-0.23076923076923084
553,288,Naftalen,0.9423076923076924,-2.226805555555555,-0.23076923076923084
554,288,Acenaftylen,0.9423076923076924,-2.226805555555555,-0.23076923076923084
555,288,Acenaften,0.9423076923076924,-2.226805555555555,-0.23076923076923084
556,288,Fenantren,0.9423076923076924,-2.226805555555555,-0.23076923076923084
557,299,Acenaftylen,1.3083631165117944,0.1975838926174498,0.6523230879199429
558,301,"['EC', 'Sr', 'Antracen']",1.2400656814449915,-0.202116402116402,-0.508045977011494
559,301,"['V', 'As']",1.0403940886699505,-0.202116402116402,-0.508045977011494
560,301,"['Cr', 'Fe', 'Cu']",0.9247947454844004,-0.202116402116402,-0.508045977011494
561,301,"['Fe', 'Al', 'Cr', 'Mn']",1.2400656814449915,-0.202116402116402,-0.508045977011494
562,301,"['Co', 'Mn']",1.2715927750410505,-0.202116402116402,-0.508045977011494
563,301,"['Cu', 'Cr', 'Cd', 'Pb']",1.134975369458128,-0.202116402116402,-0.508045977011494
564,301,"['Zn', 'U']",1.0088669950738915,-0.202116402116402,-0.508045977011494
565,301,"['Rb', 'Piren']",1.0403940886699505,-0.202116402116402,-0.508045977011494
566,301,"['Se', 'Mo']",1.2400656814449915,-0.202116402116402,-0.508045977011494
567,301,"['Sr', 'EC']",1.271592775041051,-0.202116402116402,-0.508045977011494
568,301,"['Fluoren', 'ΣPh', 'Fluoranten']",1.0403940886699505,-0.202116402116402,-0.508045977011494
569,301,"['Fluoranten', 'Fluoren']",1.0403940886699505,-0.202116402116402,-0.508045977011494
570,301,pH,1.0403940886699505,-0.202116402116402,-0.508045977011494
571,301,TOC,1.0403940886699505,-0.202116402116402,-0.508045977011494
572,301,HCHO,1.0403940886699505,-0.202116402116402,-0.508045977011494
573,301,B,1.0403940886699505,-0.202116402116402,-0.508045977011494
574,301,Ni,1.0403940886699505,-0.202116402116402,-0.508045977011494
575,301,Ga,1.0403940886699505,-0.202116402116402,-0.508045977011494
576,301,Sb,1.0403940886699505,-0.202116402116402,-0.508045977011494
577,301,Ba,1.0403940886699505,-0.202116402116402,-0.508045977011494
578,301,Naftalen,1.0403940886699505,-0.202116402116402,-0.508045977011494
579,301,Acenaftylen,1.0403940886699505,-0.202116402116402,-0.508045977011494
580,301,Acenaften,1.0403940886699505,-0.202116402116402,-0.508045977011494
581,301,Fenantren,1.0403940886699505,-0.202116402116402,-0.508045977011494
582,312,Acenaftylen,1.355897435897436,-1.7328105345911944,0.1466666666666666
583,322,Fenantren,1.1256281407035176,-0.2419642857142857,0.6783919597989949
584,324,Sb,1.097534833869239,-0.9488888888888887,0.5198285101822079
585,325,Ba,1.4472361809045224,-0.2092307692307692,0.812395309882747
586,327,"['Cu', 'Cr', 'Cd', 'Pb']",0.9733840304182508,-0.37999999999999984,-0.520912547528517
587,327,"['Zn', 'U']",0.9733840304182508,-0.37999999999999984,-0.520912547528517
588,327,"['Rb', 'Piren']",0.9733840304182508,-0.37999999999999984,-0.520912547528517
589,327,"['Se', 'Mo']",0.9733840304182508,-0.37999999999999984,-0.520912547528517
590,327,"['Sr', 'EC']",0.9733840304182508,-0.37999999999999984,-0.520912547528517
591,327,"['Cd', 'Cu', 'Pb']",0.9733840304182508,-0.37999999999999984,-0.520912547528517
592,327,"['Fluoren', 'ΣPh', 'Fluoranten']",0.9733840304182508,-0.37999999999999984,-0.520912547528517
593,327,"['Antracen', 'EC', 'Li']",0.9733840304182508,-0.37999999999999984,-0.520912547528517
594,327,"['Fluoranten', 'Fluoren']",0.9733840304182508,-0.37999999999999984,-0.520912547528517
595,327,pH,0.9733840304182508,-0.37999999999999984,-0.520912547528517
596,327,TOC,0.9733840304182508,-0.37999999999999984,-0.520912547528517
597,327,HCHO,0.9733840304182508,-0.37999999999999984,-0.520912547528517
598,327,B,0.9733840304182508,-0.37999999999999984,-0.520912547528517
599,327,Ni,0.9733840304182508,-0.37999999999999984,-0.520912547528517
600,327,Ga,0.9733840304182508,-0.37999999999999984,-0.520912547528517
601,327,Sb,0.9733840304182508,-0.37999999999999984,-0.520912547528517
602,327,Ba,0.9733840304182508,-0.37999999999999984,-0.520912547528517
603,327,Naftalen,0.9733840304182508,-0.37999999999999984,-0.520912547528517
604,327,Acenaftylen,0.9733840304182508,-0.37999999999999984,-0.520912547528517
605,327,Acenaften,0.9733840304182508,-0.37999999999999984,-0.520912547528517
606,327,Fenantren,0.9733840304182508,-0.37999999999999984,-0.520912547528517
607,332,Ga,1.0721367521367522,0.05348148148148155,0.5186324786324785
608,333,Acenaftylen,1.9711260827718962,0.293939393939394,0.9230028873917229
609,335,B,0.9600000000000003,0.1700000000000001,0.5399999999999999
610,339,B,1.9270833333333335,0.4915254237288136,0.9583333333333334
611,340,Sb,1.0,-1.1733333333333331,0.5
612,346,Ni,0.9465301478953355,-0.2549999999999999,0.47212741751990894
613,348,"['EC', 'Sr', 'Antracen']",1.032258064516129,-0.03333333333333335,-0.5483870967741935
614,348,"['ΣPh', 'Fluoren']",1.032258064516129,-0.03333333333333335,-0.5483870967741935
615,348,"['Li', 'Antracen']",1.032258064516129,-0.03333333333333335,-0.5483870967741935
616,348,"['Al', 'Fe']",1.032258064516129,-0.03333333333333335,-0.5483870967741935
617,348,"['V', 'As']",1.032258064516129,-0.03333333333333335,-0.5483870967741935
618,348,"['Cr', 'Fe', 'Cu']",1.032258064516129,-0.03333333333333335,-0.5483870967741935
619,348,"['Mn', 'Fe', 'Co']",1.032258064516129,-0.03333333333333335,-0.5483870967741935
620,348,"['Fe', 'Al', 'Cr', 'Mn']",1.032258064516129,-0.03333333333333335,-0.5483870967741935
621,348,"['Co', 'Mn']",1.032258064516129,-0.03333333333333335,-0.5483870967741935
622,348,"['Cu', 'Cr', 'Cd', 'Pb']",1.032258064516129,-0.03333333333333335,-0.5483870967741935
623,348,"['Zn', 'U']",1.032258064516129,-0.03333333333333335,-0.5483870967741935
624,348,"['Rb', 'Piren']",1.032258064516129,-0.03333333333333335,-0.5483870967741935
625,348,"['Se', 'Mo']",1.032258064516129,-0.03333333333333335,-0.5483870967741935
626,348,"['Sr', 'EC']",1.032258064516129,-0.03333333333333335,-0.5483870967741935
627,348,"['Cd', 'Cu', 'Pb']",1.032258064516129,-0.03333333333333335,-0.5483870967741935
628,348,"['Fluoren', 'ΣPh', 'Fluoranten']",1.032258064516129,-0.03333333333333335,-0.5483870967741935
629,348,"['Antracen', 'EC', 'Li']",1.032258064516129,-0.03333333333333335,-0.5483870967741935
630,348,"['Fluoranten', 'Fluoren']",1.032258064516129,-0.03333333333333335,-0.5483870967741935
631,348,pH,1.032258064516129,-0.03333333333333335,-0.5483870967741935
632,348,TOC,1.032258064516129,-0.03333333333333335,-0.5483870967741935
633,348,HCHO,1.032258064516129,-0.03333333333333335,-0.5483870967741935
634,348,B,1.032258064516129,-0.03333333333333335,-0.5483870967741935
635,348,Ni,1.032258064516129,-0.03333333333333335,-0.5483870967741935
636,348,Ga,1.032258064516129,-0.03333333333333335,-0.5483870967741935
637,348,Sb,1.032258064516129,-0.03333333333333335,-0.5483870967741935
638,348,Ba,1.032258064516129,-0.03333333333333335,-0.5483870967741935
639,348,Naftalen,1.032258064516129,-0.03333333333333335,-0.5483870967741935
640,348,Acenaftylen,1.032258064516129,-0.03333333333333335,-0.5483870967741935
641,348,Acenaften,1.032258064516129,-0.03333333333333335,-0.5483870967741935
642,348,Fenantren,1.032258064516129,-0.03333333333333335,-0.5483870967741935
643,354,Fenantren,1.4370370370370371,0.2520833333333335,0.7037037037037037
644,360,Acenaftylen,1.103448275862069,-0.23999999999999985,0.7241379310344828
645,361,"['Fe', 'Al', 'Cr', 'Mn']",1.471264367816092,-0.4414814814814811,-0.6551724137931034
646,361,"['Co', 'Mn']",1.471264367816092,-0.4414814814814811,-0.6551724137931034
647,361,"['Cu', 'Cr', 'Cd', 'Pb']",1.471264367816092,-0.4414814814814811,-0.6551724137931034
648,361,"['Zn', 'U']",1.471264367816092,-0.4414814814814811,-0.6551724137931034
649,361,"['Rb', 'Piren']",1.471264367816092,-0.4414814814814811,-0.6551724137931034
650,361,"['Se', 'Mo']",1.471264367816092,-0.4414814814814811,-0.6551724137931034
651,361,"['Sr', 'EC']",1.471264367816092,-0.4414814814814811,-0.6551724137931034
652,361,"['Cd', 'Cu', 'Pb']",1.471264367816092,-0.4414814814814811,-0.6551724137931034
653,361,"['Fluoren', 'ΣPh', 'Fluoranten']",1.471264367816092,-0.4414814814814811,-0.6551724137931034
654,361,"['Antracen', 'EC', 'Li']",1.471264367816092,-0.4414814814814811,-0.6551724137931034
655,361,"['Fluoranten', 'Fluoren']",1.471264367816092,-0.4414814814814811,-0.6551724137931034
656,361,pH,1.471264367816092,-0.4414814814814811,-0.6551724137931034
657,361,TOC,1.471264367816092,-0.4414814814814811,-0.6551724137931034
658,361,HCHO,1.471264367816092,-0.4414814814814811,-0.6551724137931034
659,361,B,1.471264367816092,-0.4414814814814811,-0.6551724137931034
660,361,Ni,1.471264367816092,-0.4414814814814811,-0.6551724137931034
661,361,Ga,1.471264367816092,-0.4414814814814811,-0.6551724137931034
662,361,Sb,1.471264367816092,-0.4414814814814811,-0.6551724137931034
663,361,Ba,1.471264367816092,-0.4414814814814811,-0.6551724137931034
664,361,Naftalen,1.471264367816092,-0.4414814814814811,-0.6551724137931034
665,361,Acenaftylen,1.471264367816092,-0.4414814814814811,-0.6551724137931034
666,361,Acenaften,1.471264367816092,-0.4414814814814811,-0.6551724137931034
667,361,Fenantren,1.471264367816092,-0.4414814814814811,-0.6551724137931034
668,364,Acenaftylen,1.271523178807947,0.32666666666666677,0.576158940397351
669,370,Ni,1.0596026490066224,-0.07333333333333325,0.2582781456953642
670,373,Ba,1.089201877934272,-0.1092307692307692,0.6995305164319249
671,382,Ga,1.2167300380228137,0.280952380952381,0.5133079847908746
672,383,"['Cu', 'Cr', 'Cd', 'Pb']",1.0666666666666669,-0.18999999999999986,-0.6000000000000001
673,383,"['Zn', 'U']",1.0666666666666669,-0.18999999999999986,-0.6000000000000001
674,383,"['Rb', 'Piren']",1.0666666666666669,-0.18999999999999986,-0.6000000000000001
675,383,"['Se', 'Mo']",1.0666666666666669,-0.18999999999999986,-0.6000000000000001
676,383,"['Sr', 'EC']",1.0666666666666669,-0.18999999999999986,-0.6000000000000001
677,383,"['Cd', 'Cu', 'Pb']",1.0666666666666669,-0.18999999999999986,-0.6000000000000001
678,383,"['Fluoren', 'ΣPh', 'Fluoranten']",1.0666666666666669,-0.18999999999999986,-0.6000000000000001
679,383,"['Antracen', 'EC', 'Li']",1.0666666666666669,-0.18999999999999986,-0.6000000000000001
680,383,"['Fluoranten', 'Fluoren']",1.0666666666666669,-0.18999999999999986,-0.6000000000000001
681,383,pH,1.0666666666666669,-0.18999999999999986,-0.6000000000000001
682,383,TOC,1.0666666666666669,-0.18999999999999986,-0.6000000000000001
683,383,HCHO,1.0666666666666669,-0.18999999999999986,-0.6000000000000001
684,383,B,1.0666666666666669,-0.18999999999999986,-0.6000000000000001
685,383,Ni,1.0666666666666669,-0.18999999999999986,-0.6000000000000001
686,383,Ga,1.0666666666666669,-0.18999999999999986,-0.6000000000000001
687,383,Sb,1.0666666666666669,-0.18999999999999986,-0.6000000000000001
688,383,Ba,1.0666666666666669,-0.18999999999999986,-0.6000000000000001
689,383,Naftalen,1.0666666666666669,-0.18999999999999986,-0.6000000000000001
690,383,Acenaftylen,1.0666666666666669,-0.18999999999999986,-0.6000000000000001
691,383,Acenaften,1.0666666666666669,-0.18999999999999986,-0.6000000000000001
692,383,Fenantren,1.0666666666666669,-0.18999999999999986,-0.6000000000000001
693,385,"['Li', 'Antracen']",1.0666666666666669,0.32666666666666677,-0.6000000000000001
694,385,"['Al', 'Fe']",1.0666666666666669,0.32666666666666677,-0.6000000000000001
695,385,"['V', 'As']",1.0666666666666669,0.32666666666666677,-0.6000000000000001
696,385,"['Cr', 'Fe', 'Cu']",1.0666666666666669,0.32666666666666677,-0.6000000000000001
697,385,"['Mn', 'Fe', 'Co']",1.0666666666666669,0.32666666666666677,-0.6000000000000001
698,385,"['Co', 'Mn']",1.0666666666666669,0.32666666666666677,-0.6000000000000001
699,385,"['Cu', 'Cr', 'Cd', 'Pb']",1.0666666666666669,0.32666666666666677,-0.6000000000000001
700,385,"['Rb', 'Piren']",1.0666666666666669,0.32666666666666677,-0.6000000000000001
701,385,"['Se', 'Mo']",1.0666666666666669,0.32666666666666677,-0.6000000000000001
702,385,"['Sr', 'EC']",1.0666666666666669,0.32666666666666677,-0.6000000000000001
703,385,"['Cd', 'Cu', 'Pb']",1.0666666666666669,0.32666666666666677,-0.6000000000000001
704,385,"['Fluoren', 'ΣPh', 'Fluoranten']",1.0666666666666669,0.32666666666666677,-0.6000000000000001
705,385,"['Fluoranten', 'Fluoren']",1.0666666666666669,0.32666666666666677,-0.6000000000000001
706,385,pH,1.0666666666666669,0.32666666666666677,-0.6000000000000001
707,385,TOC,1.0666666666666669,0.32666666666666677,-0.6000000000000001
708,385,HCHO,1.0666666666666669,0.32666666666666677,-0.6000000000000001
709,385,B,1.0666666666666669,0.32666666666666677,-0.6000000000000001
710,385,Ni,1.0666666666666669,0.32666666666666677,-0.6000000000000001
711,385,Ga,1.0666666666666669,0.32666666666666677,-0.6000000000000001
712,385,Sb,1.0666666666666669,0.32666666666666677,-0.6000000000000001
713,385,Ba,1.0666666666666669,0.32666666666666677,-0.6000000000000001
714,385,Naftalen,1.0666666666666669,0.32666666666666677,-0.6000000000000001
715,385,Acenaftylen,1.0666666666666669,0.32666666666666677,-0.6000000000000001
716,385,Acenaften,1.0666666666666669,0.32666666666666677,-0.6000000000000001
717,385,Fenantren,1.0666666666666669,0.32666666666666677,-0.6000000000000001
718,404,Acenaftylen,1.0666666666666669,0.1266666666666668,0.4666666666666667
719,405,"['Mn', 'Fe', 'Co']",1.0666666666666669,-0.18999999999999986,-0.6000000000000001
720,405,"['Fe', 'Al', 'Cr', 'Mn']",1.0666666666666669,-0.18999999999999986,-0.6000000000000001
721,405,"['Co', 'Mn']",1.0666666666666669,-0.18999999999999986,-0.6000000000000001
722,405,"['Cu', 'Cr', 'Cd', 'Pb']",1.0666666666666669,-0.18999999999999986,-0.6000000000000001
723,405,"['Zn', 'U']",1.0666666666666669,-0.18999999999999986,-0.6000000000000001
724,405,"['Rb', 'Piren']",1.0666666666666669,-0.18999999999999986,-0.6000000000000001
725,405,"['Se', 'Mo']",1.0666666666666669,-0.18999999999999986,-0.6000000000000001
726,405,"['Sr', 'EC']",1.0666666666666669,-0.18999999999999986,-0.6000000000000001
727,405,"['Cd', 'Cu', 'Pb']",1.0666666666666669,-0.18999999999999986,-0.6000000000000001
728,405,"['Fluoren', 'ΣPh', 'Fluoranten']",1.0666666666666669,-0.18999999999999986,-0.6000000000000001
729,405,"['Antracen', 'EC', 'Li']",1.0666666666666669,-0.18999999999999986,-0.6000000000000001
730,405,"['Fluoranten', 'Fluoren']",1.0666666666666669,-0.18999999999999986,-0.6000000000000001
731,405,pH,1.0666666666666669,-0.18999999999999986,-0.6000000000000001
732,405,TOC,1.0666666666666669,-0.18999999999999986,-0.6000000000000001
733,405,HCHO,1.0666666666666669,-0.18999999999999986,-0.6000000000000001
734,405,B,1.0666666666666669,-0.18999999999999986,-0.6000000000000001
735,405,Ni,1.0666666666666669,-0.18999999999999986,-0.6000000000000001
736,405,Ga,1.0666666666666669,-0.18999999999999986,-0.6000000000000001
737,405,Sb,1.0666666666666669,-0.18999999999999986,-0.6000000000000001
738,405,Ba,1.0666666666666669,-0.18999999999999986,-0.6000000000000001
739,405,Naftalen,1.0666666666666669,-0.18999999999999986,-0.6000000000000001
740,405,Acenaftylen,1.0666666666666669,-0.18999999999999986,-0.6000000000000001
741,405,Acenaften,1.0666666666666669,-0.18999999999999986,-0.6000000000000001
742,405,Fenantren,1.0666666666666669,-0.18999999999999986,-0.6000000000000001
743,407,B,1.6842105263157894,0.5407407407407409,0.7894736842105263
744,409,HCHO,2.1333333333333333,0.5266666666666667,1.0
745,416,Sb,1.032258064516129,0.56,0.4838709677419355
746,417,"['EC', 'Sr', 'Antracen']",1.032258064516129,0.5666666666666667,-0.5483870967741935
747,417,"['ΣPh', 'Fluoren']",1.032258064516129,0.5666666666666667,-0.5483870967741935
748,417,"['Li', 'Antracen']",1.032258064516129,0.5666666666666667,-0.5483870967741935
749,417,"['Al', 'Fe']",1.032258064516129,0.5666666666666667,-0.5483870967741935
750,417,"['V', 'As']",1.032258064516129,0.5666666666666667,-0.5483870967741935
751,417,"['Cr', 'Fe', 'Cu']",1.032258064516129,0.5666666666666667,-0.5483870967741935
752,417,"['Mn', 'Fe', 'Co']",1.032258064516129,0.5666666666666667,-0.5483870967741935
753,417,"['Fe', 'Al', 'Cr', 'Mn']",1.032258064516129,0.5666666666666667,-0.5483870967741935
754,417,"['Co', 'Mn']",1.032258064516129,0.5666666666666667,-0.5483870967741935
755,417,"['Cu', 'Cr', 'Cd', 'Pb']",1.032258064516129,0.5666666666666667,-0.5483870967741935
756,417,"['Zn', 'U']",1.032258064516129,0.5666666666666667,-0.5483870967741935
757,417,"['Rb', 'Piren']",1.032258064516129,0.5666666666666667,-0.5483870967741935
758,417,"['Se', 'Mo']",1.032258064516129,0.5666666666666667,-0.5483870967741935
759,417,"['Sr', 'EC']",1.032258064516129,0.5666666666666667,-0.5483870967741935
760,417,"['Cd', 'Cu', 'Pb']",1.032258064516129,0.5666666666666667,-0.5483870967741935
761,417,"['Fluoren', 'ΣPh', 'Fluoranten']",1.032258064516129,0.5666666666666667,-0.5483870967741935
762,417,"['Antracen', 'EC', 'Li']",1.032258064516129,0.5666666666666667,-0.5483870967741935
763,417,"['Fluoranten', 'Fluoren']",1.032258064516129,0.5666666666666667,-0.5483870967741935
764,417,pH,1.032258064516129,0.5666666666666667,-0.5483870967741935
765,417,TOC,1.032258064516129,0.5666666666666667,-0.5483870967741935
766,417,HCHO,1.032258064516129,0.5666666666666667,-0.5483870967741935
767,417,B,1.032258064516129,0.5666666666666667,-0.5483870967741935
768,417,Ni,1.032258064516129,0.5666666666666667,-0.5483870967741935
769,417,Ga,1.032258064516129,0.5666666666666667,-0.5483870967741935
770,417,Sb,1.032258064516129,0.5666666666666667,-0.5483870967741935
771,417,Ba,1.032258064516129,0.5666666666666667,-0.5483870967741935
772,417,Naftalen,1.032258064516129,0.5666666666666667,-0.5483870967741935
773,417,Acenaftylen,1.032258064516129,0.5666666666666667,-0.5483870967741935
774,417,Acenaften,1.032258064516129,0.5666666666666667,-0.5483870967741935
775,417,Fenantren,1.032258064516129,0.5666666666666667,-0.5483870967741935
776,418,"['EC', 'Sr', 'Antracen']",1.032258064516129,0.5666666666666668,-0.5483870967741935
777,418,"['ΣPh', 'Fluoren']",1.032258064516129,0.5666666666666668,-0.5483870967741935
778,418,"['Li', 'Antracen']",1.032258064516129,0.5666666666666668,-0.5483870967741935
779,418,"['Al', 'Fe']",1.032258064516129,0.5666666666666668,-0.5483870967741935
780,418,"['V', 'As']",1.032258064516129,0.5666666666666668,-0.5483870967741935
781,418,"['Cr', 'Fe', 'Cu']",1.032258064516129,0.5666666666666668,-0.5483870967741935
782,418,"['Mn', 'Fe', 'Co']",1.032258064516129,0.5666666666666668,-0.5483870967741935
783,418,"['Fe', 'Al', 'Cr', 'Mn']",1.032258064516129,0.5666666666666668,-0.5483870967741935
784,418,"['Co', 'Mn']",1.032258064516129,0.5666666666666668,-0.5483870967741935
785,418,"['Cu', 'Cr', 'Cd', 'Pb']",1.032258064516129,0.5666666666666668,-0.5483870967741935
786,418,"['Zn', 'U']",1.032258064516129,0.5666666666666668,-0.5483870967741935
787,418,"['Rb', 'Piren']",1.032258064516129,0.5666666666666668,-0.5483870967741935
788,418,"['Se', 'Mo']",1.032258064516129,0.5666666666666668,-0.5483870967741935
789,418,"['Sr', 'EC']",1.032258064516129,0.5666666666666668,-0.5483870967741935
790,418,"['Cd', 'Cu', 'Pb']",1.032258064516129,0.5666666666666668,-0.5483870967741935
791,418,"['Fluoren', 'ΣPh', 'Fluoranten']",1.032258064516129,0.5666666666666668,-0.5483870967741935
792,418,"['Antracen', 'EC', 'Li']",1.032258064516129,0.5666666666666668,-0.5483870967741935
793,418,"['Fluoranten', 'Fluoren']",1.032258064516129,0.5666666666666668,-0.5483870967741935
794,418,pH,1.032258064516129,0.5666666666666668,-0.5483870967741935
795,418,TOC,1.032258064516129,0.5666666666666668,-0.5483870967741935
796,418,HCHO,1.032258064516129,0.5666666666666668,-0.5483870967741935
797,418,B,1.032258064516129,0.5666666666666668,-0.5483870967741935
798,418,Ni,1.032258064516129,0.5666666666666668,-0.5483870967741935
799,418,Ga,1.032258064516129,0.5666666666666668,-0.5483870967741935
800,418,Sb,1.032258064516129,0.5666666666666668,-0.5483870967741935
801,418,Ba,1.032258064516129,0.5666666666666668,-0.5483870967741935
802,418,Naftalen,1.032258064516129,0.5666666666666668,-0.5483870967741935
803,418,Acenaftylen,1.032258064516129,0.5666666666666668,-0.5483870967741935
804,418,Acenaften,1.032258064516129,0.5666666666666668,-0.5483870967741935
805,418,Fenantren,1.032258064516129,0.5666666666666668,-0.5483870967741935
806,420,Sb,1.032258064516129,0.56,0.4838709677419355
807,422,Ni,1.032258064516129,0.5666666666666667,0.4838709677419355
808,423,Sb,1.032258064516129,0.56,0.4838709677419355
809,425,Ni,1.032258064516129,0.56,0.4838709677419355
810,431,"['EC', 'Sr', 'Antracen']",1.032258064516129,0.16000000000000006,-0.5483870967741935
811,431,"['ΣPh', 'Fluoren']",1.032258064516129,0.16000000000000006,-0.5483870967741935
812,431,"['Li', 'Antracen']",1.032258064516129,0.16000000000000006,-0.5483870967741935
813,431,"['Al', 'Fe']",1.032258064516129,0.16000000000000006,-0.5483870967741935
814,431,"['V', 'As']",1.032258064516129,0.16000000000000006,-0.5483870967741935
815,431,"['Cr', 'Fe', 'Cu']",1.032258064516129,0.16000000000000006,-0.5483870967741935
816,431,"['Mn', 'Fe', 'Co']",1.032258064516129,0.16000000000000006,-0.5483870967741935
817,431,"['Fe', 'Al', 'Cr', 'Mn']",1.032258064516129,0.16000000000000006,-0.5483870967741935
818,431,"['Co', 'Mn']",1.032258064516129,0.16000000000000006,-0.5483870967741935
819,431,"['Cd', 'Cu', 'Pb']",1.032258064516129,0.16000000000000006,-0.5483870967741935
820,431,"['Fluoren', 'ΣPh', 'Fluoranten']",1.032258064516129,0.16000000000000006,-0.5483870967741935
821,431,"['Antracen', 'EC', 'Li']",1.032258064516129,0.16000000000000006,-0.5483870967741935
822,431,"['Fluoranten', 'Fluoren']",1.032258064516129,0.16000000000000006,-0.5483870967741935
823,431,pH,1.032258064516129,0.16000000000000006,-0.5483870967741935
824,431,TOC,1.032258064516129,0.16000000000000006,-0.5483870967741935
825,431,HCHO,1.032258064516129,0.16000000000000006,-0.5483870967741935
826,431,B,1.032258064516129,0.16000000000000006,-0.5483870967741935
827,431,Ni,1.032258064516129,0.16000000000000006,-0.5483870967741935
828,431,Ga,1.032258064516129,0.16000000000000006,-0.5483870967741935
829,431,Sb,1.032258064516129,0.16000000000000006,-0.5483870967741935
830,431,Ba,1.032258064516129,0.16000000000000006,-0.5483870967741935
831,431,Naftalen,1.032258064516129,0.16000000000000006,-0.5483870967741935
832,431,Acenaftylen,1.032258064516129,0.16000000000000006,-0.5483870967741935
833,431,Acenaften,1.032258064516129,0.16000000000000006,-0.5483870967741935
834,431,Fenantren,1.032258064516129,0.16000000000000006,-0.5483870967741935
835,432,Sb,1.032258064516129,0.16666666666666669,0.4838709677419355
836,435,"['Cu', 'Cr', 'Cd', 'Pb']",1.0666666666666669,0.06000000000000005,-0.6000000000000001
837,435,"['Zn', 'U']",1.0666666666666669,0.06000000000000005,-0.6000000000000001
838,435,"['Rb', 'Piren']",1.0666666666666669,0.06000000000000005,-0.6000000000000001
839,435,"['Se', 'Mo']",1.0666666666666669,0.06000000000000005,-0.6000000000000001
840,435,"['Sr', 'EC']",1.0666666666666669,0.06000000000000005,-0.6000000000000001
841,435,"['Cd', 'Cu', 'Pb']",1.0666666666666669,0.06000000000000005,-0.6000000000000001
842,435,"['Fluoren', 'ΣPh', 'Fluoranten']",1.0666666666666669,0.06000000000000005,-0.6000000000000001
843,435,"['Antracen', 'EC', 'Li']",1.0666666666666669,0.06000000000000005,-0.6000000000000001
844,435,"['Fluoranten', 'Fluoren']",1.0666666666666669,0.06000000000000005,-0.6000000000000001
845,435,pH,1.0666666666666669,0.06000000000000005,-0.6000000000000001
846,435,TOC,1.0666666666666669,0.06000000000000005,-0.6000000000000001
847,435,HCHO,1.0666666666666669,0.06000000000000005,-0.6000000000000001
848,435,B,1.0666666666666669,0.06000000000000005,-0.6000000000000001
849,435,Ni,1.0666666666666669,0.06000000000000005,-0.6000000000000001
850,435,Ga,1.0666666666666669,0.06000000000000005,-0.6000000000000001
851,435,Sb,1.0666666666666669,0.06000000000000005,-0.6000000000000001
852,435,Ba,1.0666666666666669,0.06000000000000005,-0.6000000000000001
853,435,Naftalen,1.0666666666666669,0.06000000000000005,-0.6000000000000001
854,435,Acenaftylen,1.0666666666666669,0.06000000000000005,-0.6000000000000001
855,435,Acenaften,1.0666666666666669,0.06000000000000005,-0.6000000000000001
856,435,Fenantren,1.0666666666666669,0.06000000000000005,-0.6000000000000001
857,437,Ni,1.032258064516129,0.56,0.4838709677419355
858,438,"['EC', 'Sr', 'Antracen']",1.032258064516129,0.36000000000000004,-0.5483870967741935
859,438,"['ΣPh', 'Fluoren']",1.032258064516129,0.36000000000000004,-0.5483870967741935
860,438,"['Li', 'Antracen']",1.032258064516129,0.36000000000000004,-0.5483870967741935
861,438,"['Al', 'Fe']",1.032258064516129,0.36000000000000004,-0.5483870967741935
862,438,"['V', 'As']",1.032258064516129,0.36000000000000004,-0.5483870967741935
863,438,"['Cr', 'Fe', 'Cu']",1.032258064516129,0.36000000000000004,-0.5483870967741935
864,438,"['Mn', 'Fe', 'Co']",1.032258064516129,0.36000000000000004,-0.5483870967741935
865,438,"['Fe', 'Al', 'Cr', 'Mn']",1.032258064516129,0.36000000000000004,-0.5483870967741935
866,438,"['Co', 'Mn']",1.032258064516129,0.36000000000000004,-0.5483870967741935
867,438,"['Cu', 'Cr', 'Cd', 'Pb']",1.032258064516129,0.36000000000000004,-0.5483870967741935
868,438,"['Zn', 'U']",1.032258064516129,0.36000000000000004,-0.5483870967741935
869,438,"['Rb', 'Piren']",1.032258064516129,0.36000000000000004,-0.5483870967741935
870,438,"['Se', 'Mo']",1.032258064516129,0.36000000000000004,-0.5483870967741935
871,438,"['Sr', 'EC']",1.032258064516129,0.36000000000000004,-0.5483870967741935
872,438,"['Cd', 'Cu', 'Pb']",1.032258064516129,0.36000000000000004,-0.5483870967741935
873,438,"['Fluoren', 'ΣPh', 'Fluoranten']",1.032258064516129,0.36000000000000004,-0.5483870967741935
874,438,"['Antracen', 'EC', 'Li']",1.032258064516129,0.36000000000000004,-0.5483870967741935
875,438,"['Fluoranten', 'Fluoren']",1.032258064516129,0.36000000000000004,-0.5483870967741935
876,438,pH,1.032258064516129,0.36000000000000004,-0.5483870967741935
877,438,TOC,1.032258064516129,0.36000000000000004,-0.5483870967741935
878,438,HCHO,1.032258064516129,0.36000000000000004,-0.5483870967741935
879,438,B,1.032258064516129,0.36000000000000004,-0.5483870967741935
880,438,Ni,1.032258064516129,0.36000000000000004,-0.5483870967741935
881,438,Ga,1.032258064516129,0.36000000000000004,-0.5483870967741935
882,438,Sb,1.032258064516129,0.36000000000000004,-0.5483870967741935
883,438,Ba,1.032258064516129,0.36000000000000004,-0.5483870967741935
884,438,Naftalen,1.032258064516129,0.36000000000000004,-0.5483870967741935
885,438,Acenaftylen,1.032258064516129,0.36000000000000004,-0.5483870967741935
886,438,Acenaften,1.032258064516129,0.36000000000000004,-0.5483870967741935
887,438,Fenantren,1.032258064516129,0.36000000000000004,-0.5483870967741935
888,443,Sb,1.032258064516129,0.36666666666666675,0.4838709677419355
889,444,Sb,1.032258064516129,0.56,0.4838709677419355
890,446,Ni,1.032258064516129,0.56,0.4838709677419355
891,448,Sb,1.032258064516129,0.36666666666666675,0.4838709677419355
892,449,"['EC', 'Sr', 'Antracen']",1.032258064516129,-0.03333333333333326,-0.5483870967741935
893,449,"['ΣPh', 'Fluoren']",1.032258064516129,-0.03333333333333326,-0.5483870967741935
894,449,"['Li', 'Antracen']",1.032258064516129,-0.03333333333333326,-0.5483870967741935
895,449,"['Al', 'Fe']",1.032258064516129,-0.03333333333333326,-0.5483870967741935
896,449,"['Cr', 'Fe', 'Cu']",1.032258064516129,-0.03333333333333326,-0.5483870967741935
897,449,"['Mn', 'Fe', 'Co']",1.032258064516129,-0.03333333333333326,-0.5483870967741935
898,449,"['Fe', 'Al', 'Cr', 'Mn']",1.032258064516129,-0.03333333333333326,-0.5483870967741935
899,449,"['Co', 'Mn']",1.032258064516129,-0.03333333333333326,-0.5483870967741935
900,449,"['Cu', 'Cr', 'Cd', 'Pb']",1.032258064516129,-0.03333333333333326,-0.5483870967741935
901,449,"['Rb', 'Piren']",1.032258064516129,-0.03333333333333326,-0.5483870967741935
902,449,"['Se', 'Mo']",1.032258064516129,-0.03333333333333326,-0.5483870967741935
903,449,"['Sr', 'EC']",1.032258064516129,-0.03333333333333326,-0.5483870967741935
904,449,"['Cd', 'Cu', 'Pb']",1.032258064516129,-0.03333333333333326,-0.5483870967741935
905,449,"['Fluoren', 'ΣPh', 'Fluoranten']",1.032258064516129,-0.03333333333333326,-0.5483870967741935
906,449,"['Fluoranten', 'Fluoren']",1.032258064516129,-0.03333333333333326,-0.5483870967741935
907,449,pH,1.032258064516129,-0.03333333333333326,-0.5483870967741935
908,449,TOC,1.032258064516129,-0.03333333333333326,-0.5483870967741935
909,449,HCHO,1.032258064516129,-0.03333333333333326,-0.5483870967741935
910,449,B,1.032258064516129,-0.03333333333333326,-0.5483870967741935
911,449,Ni,1.032258064516129,-0.03333333333333326,-0.5483870967741935
912,449,Ga,1.032258064516129,-0.03333333333333326,-0.5483870967741935
913,449,Sb,1.032258064516129,-0.03333333333333326,-0.5483870967741935
914,449,Ba,1.032258064516129,-0.03333333333333326,-0.5483870967741935
915,449,Naftalen,1.032258064516129,-0.03333333333333326,-0.5483870967741935
916,449,Acenaftylen,1.032258064516129,-0.03333333333333326,-0.5483870967741935
917,449,Acenaften,1.032258064516129,-0.03333333333333326,-0.5483870967741935
918,449,Fenantren,1.032258064516129,-0.03333333333333326,-0.5483870967741935
919,451,Sb,1.032258064516129,0.36666666666666675,0.4838709677419355
920,454,Sb,1.032258064516129,0.5666666666666667,0.4838709677419355
921,457,"['EC', 'Sr', 'Antracen']",1.032258064516129,-0.039999999999999945,-0.5483870967741935
922,457,"['ΣPh', 'Fluoren']",1.032258064516129,-0.039999999999999945,-0.5483870967741935
923,457,"['Li', 'Antracen']",1.032258064516129,-0.039999999999999945,-0.5483870967741935
924,457,"['Al', 'Fe']",1.032258064516129,-0.039999999999999945,-0.5483870967741935
925,457,"['V', 'As']",1.032258064516129,-0.039999999999999945,-0.5483870967741935
926,457,"['Cr', 'Fe', 'Cu']",1.032258064516129,-0.039999999999999945,-0.5483870967741935
927,457,"['Mn', 'Fe', 'Co']",1.032258064516129,-0.039999999999999945,-0.5483870967741935
928,457,"['Fe', 'Al', 'Cr', 'Mn']",1.032258064516129,-0.039999999999999945,-0.5483870967741935
929,457,"['Co', 'Mn']",1.032258064516129,-0.039999999999999945,-0.5483870967741935
930,457,"['Cu', 'Cr', 'Cd', 'Pb']",1.032258064516129,-0.039999999999999945,-0.5483870967741935
931,457,"['Zn', 'U']",1.032258064516129,-0.039999999999999945,-0.5483870967741935
932,457,"['Rb', 'Piren']",1.032258064516129,-0.039999999999999945,-0.5483870967741935
933,457,"['Se', 'Mo']",1.032258064516129,-0.039999999999999945,-0.5483870967741935
934,457,"['Sr', 'EC']",1.032258064516129,-0.039999999999999945,-0.5483870967741935
935,457,"['Cd', 'Cu', 'Pb']",1.032258064516129,-0.039999999999999945,-0.5483870967741935
936,457,"['Fluoren', 'ΣPh', 'Fluoranten']",1.032258064516129,-0.039999999999999945,-0.5483870967741935
937,457,"['Antracen', 'EC', 'Li']",1.032258064516129,-0.039999999999999945,-0.5483870967741935
938,457,"['Fluoranten', 'Fluoren']",1.032258064516129,-0.039999999999999945,-0.5483870967741935
939,457,pH,1.032258064516129,-0.039999999999999945,-0.5483870967741935
940,457,TOC,1.032258064516129,-0.039999999999999945,-0.5483870967741935
941,457,HCHO,1.032258064516129,-0.039999999999999945,-0.5483870967741935
942,457,B,1.032258064516129,-0.039999999999999945,-0.5483870967741935
943,457,Ni,1.032258064516129,-0.039999999999999945,-0.5483870967741935
944,457,Ga,1.032258064516129,-0.039999999999999945,-0.5483870967741935
945,457,Sb,1.032258064516129,-0.039999999999999945,-0.5483870967741935
946,457,Ba,1.032258064516129,-0.039999999999999945,-0.5483870967741935
947,457,Naftalen,1.032258064516129,-0.039999999999999945,-0.5483870967741935
948,457,Acenaftylen,1.032258064516129,-0.039999999999999945,-0.5483870967741935
949,457,Acenaften,1.032258064516129,-0.039999999999999945,-0.5483870967741935
950,457,Fenantren,1.032258064516129,-0.039999999999999945,-0.5483870967741935
951,460,Sb,1.032258064516129,0.16666666666666669,0.4838709677419355
952,462,Ni,1.032258064516129,0.56,0.4838709677419355
953,463,Sb,1.032258064516129,0.36666666666666675,0.4838709677419355
954,464,Sb,1.032258064516129,0.36666666666666675,0.4838709677419355
955,467,Ga,1.032258064516129,0.5666666666666667,0.4838709677419355
956,469,Ni,1.032258064516129,0.56,0.4838709677419355
957,471,Ni,1.032258064516129,0.56,0.4838709677419355
958,472,Ni,1.032258064516129,0.56,0.4838709677419355
959,473,Sb,1.032258064516129,0.36666666666666675,0.4838709677419355
960,474,Sb,1.032258064516129,0.36666666666666675,0.4838709677419355
961,475,Sb,1.032258064516129,0.5666666666666667,0.4838709677419355
962,477,Sb,1.032258064516129,0.56,0.4838709677419355
