,Bacteria,Chemicals,Bacteria_counts,Correlation,Importance_random_forest,CV_random_forest,R_squared_random_forest,Importance_xgboost,CV_xgboost,R_squared_xgboost,Importance_decition_tree,CV_decition_tree,R_squared_decition_tree
0,Deinococcus,Acenaften,247,-0.32733005970237694,0.29778133849031774,-0.2159480762380257,0.4215859125135051,3.0820356497937116,-7826.386091524313,0.056314393598120294,1.0442417781041133,-42.78078883012767,0.5205266997206788
1,{Unknown Order} Acidobacteria-6,Ga,51,-0.4222225616322596,0.3364753180403708,-0.08411439012987865,0.48111072968718305,1.2585420121376565,-1.7151000870382493,0.982766901943093,1.0230523304728252,-1.5496581823191744,0.5333445510123955
2,{Unknown Genus} Koribacteraceae,Acenaften,2,-0.29836714432010397,0.17083506263867565,-0.23930806771766244,0.47243637141069084,1.0097788140591377,-0.033333333333333305,0.05035311249328722,1.032258064516129,0.5666666666666667,-0.5483870967741935
3,{Unknown Order} PAUC37f,"['Fluoren', 'Fluoranten']",2,-0.09456321808743041,0.3412225026565858,-0.25991847235213017,0.14385926993114262,1.5745790714730261,-0.039999999999999994,-0.5745804674533153,1.032258064516129,-0.039999999999999994,-0.5483870967741935
4,{Unknown Order} PAUC37f,pH,2,0.25862933681802724,0.3392472645613478,-0.25991847235213017,0.14385926993114262,1.2133277985854762,-0.039999999999999994,-0.5745804674533153,1.032258064516129,-0.039999999999999994,-0.5483870967741935
5,{Unknown Order} PAUC37f,TOC,2,-0.05820809455418549,0.3401638255630699,-0.25991847235213017,0.14385926993114262,1.5745790714730261,-0.039999999999999994,-0.5745804674533153,1.032258064516129,-0.039999999999999994,-0.5483870967741935
6,{Unknown Order} PAUC37f,HCHO,2,-0.07283570407292297,0.2735677413769031,-0.25991847235213017,0.14385926993114262,1.5745790714730261,-0.039999999999999994,-0.5745804674533153,1.032258064516129,-0.039999999999999994,-0.5483870967741935
7,{Unknown Order} PAUC37f,B,2,-0.23371698253833773,0.37645747952201447,-0.25991847235213017,0.14385926993114262,1.5745790714730261,-0.039999999999999994,-0.5745804674533153,1.032258064516129,-0.039999999999999994,-0.5483870967741935
8,{Unknown Order} PAUC37f,Ni,2,0.05488855680178283,0.3412225026565858,-0.25991847235213017,0.14385926993114262,1.5745790714730261,-0.039999999999999994,-0.5745804674533153,1.032258064516129,-0.039999999999999994,-0.5483870967741935
9,{Unknown Order} PAUC37f,Ga,2,-0.0772951003052212,0.35605083492373824,-0.25991847235213017,0.14385926993114262,1.5745790714730261,-0.039999999999999994,-0.5745804674533153,1.032258064516129,-0.039999999999999994,-0.5483870967741935
10,{Unknown Order} PAUC37f,Rb,2,-0.059169746767727696,0.3412225026565858,-0.25991847235213017,0.14385926993114262,1.5745790714730261,-0.039999999999999994,-0.5745804674533153,1.032258064516129,-0.039999999999999994,-0.5483870967741935
11,{Unknown Order} PAUC37f,Sb,2,0.21136405042739204,0.46140368095260287,-0.25991847235213017,0.14385926993114262,1.950282048368523,-0.039999999999999994,-0.5745804674533153,1.032258064516129,-0.039999999999999994,-0.5483870967741935
12,{Unknown Order} PAUC37f,Ba,2,0.1353430123257444,0.37779796424637,-0.25991847235213017,0.14385926993114262,1.5745790714730261,-0.039999999999999994,-0.5745804674533153,1.032258064516129,-0.039999999999999994,-0.5483870967741935
13,{Unknown Order} PAUC37f,Naftalen,2,0.02712564932494126,0.3412225026565858,-0.25991847235213017,0.14385926993114262,1.5745790714730261,-0.039999999999999994,-0.5745804674533153,1.032258064516129,-0.039999999999999994,-0.5483870967741935
14,{Unknown Order} PAUC37f,Acenaften,2,-0.06479255350075455,0.3444466172277971,-0.25991847235213017,0.14385926993114262,1.5745790714730261,-0.039999999999999994,-0.5745804674533153,1.032258064516129,-0.039999999999999994,-0.5483870967741935
15,{Unknown Genus} AKIW659,Ba,23,-0.6379256057705446,0.17092347682682263,0.48241856599768307,0.830349137294607,1.0373529050342527,-0.821515085652343,0.9700218425377537,1.007992477668077,-0.3025,0.8871650211565585
16,{Unknown Family} Acidimicrobiales,"['Fe', 'Al', 'Cr', 'Mn']",5904,-0.006887681850295605,0.1788722934644128,-0.20686870091003717,0.34514701707012707,1.2221787371340145,-337.8151847128588,0.975094910123488,1.388740129049879,-198.6740574040711,-0.5097698300402642
17,{Unknown Family} Acidimicrobiales,Sb,5904,-0.11251696302955176,0.34173991074991006,-0.20686870091003717,0.34514701707012707,0.9976043898208226,-337.8151847128588,0.975094910123488,1.2516197074450326,-198.6740574040711,-0.5097698300402642
18,{Unknown Genus} Kineosporiaceae,pH,167,0.22653181160187885,0.25554303896120845,-0.14300997921019976,0.3520739875152027,0.9412422209783453,-51.27562582252766,0.03348305933979112,1.0421503388118767,-20.717096566179087,-0.5113500369480228
19,{Unknown Genus} Kineosporiaceae,HCHO,167,-0.0843757621714432,0.23322427829809045,-0.14300997921019976,0.3520739875152027,0.96393915135542,-51.27562582252766,0.03348305933979112,1.0743262814181826,-20.717096566179087,-0.5113500369480228
20,{Unknown Genus} Kineosporiaceae,B,167,-0.16153972103457956,0.2451678905260276,-0.14300997921019976,0.3520739875152027,0.9716926660840617,-51.27562582252766,0.03348305933979112,1.0743262814181826,-20.717096566179087,-0.5113500369480228
21,{Unknown Genus} Kineosporiaceae,Ni,167,0.20314878567620703,0.2479422160211907,-0.14300997921019976,0.3520739875152027,0.9836784210019957,-51.27562582252766,0.03348305933979112,1.0743262814181826,-20.717096566179087,-0.5113500369480228
22,{Unknown Genus} Kineosporiaceae,Ga,167,-0.13364378247638573,0.261494922978745,-0.14300997921019976,0.3520739875152027,1.0002801566774575,-51.27562582252766,0.03348305933979112,1.0743262814181826,-20.717096566179087,-0.5113500369480228
23,{Unknown Genus} Kineosporiaceae,Rb,167,0.10301948044593702,0.238130001832341,-0.14300997921019976,0.3520739875152027,0.9671178229512586,-51.27562582252766,0.03348305933979112,1.0743262814181826,-20.717096566179087,-0.5113500369480228
24,{Unknown Genus} Kineosporiaceae,Sb,167,0.1477497830717048,0.3497284778035957,-0.14300997921019976,0.3520739875152027,0.9856935332515648,-51.27562582252766,0.03348305933979112,1.0743262814181826,-20.717096566179087,-0.5113500369480228
25,{Unknown Genus} Kineosporiaceae,Ba,167,-0.06546368571927061,0.279094325728496,-0.14300997921019976,0.3520739875152027,1.1671080028918075,-51.27562582252766,0.03348305933979112,1.1120489016931407,-20.717096566179087,-0.5113500369480228
26,{Unknown Genus} Kineosporiaceae,Naftalen,167,0.16577321190973157,0.24755091313715405,-0.14300997921019976,0.3520739875152027,1.0043965496205942,-51.27562582252766,0.03348305933979112,1.0743262814181826,-20.717096566179087,-0.5113500369480228
27,{Unknown Genus} Kineosporiaceae,Acenaften,167,-0.2406976348661634,0.2716125188746017,-0.14300997921019976,0.3520739875152027,0.9730560027816583,-51.27562582252766,0.03348305933979112,1.0743262814181826,-20.717096566179087,-0.5113500369480228
28,{Unknown Genus} Microbacteriaceae,Ga,5956,0.3335426747178262,0.23169369463907818,-0.056760807988770035,0.6076837606894792,1.6826328372133494,-40.4681891223923,0.6477030457612118,1.3654311927096698,-24.453993346303182,0.6363346118738572
29,Clavibacter,Ga,4,0.5442491223593613,0.2166324524061476,-0.06693819962650172,0.6388229215839422,2.1323946126503874,-0.30632668152623854,-1.1323948062726696,1.422222222222222,0.32666666666666677,0.6444444444444444
30,Leucobacter,Ni,364,0.08641198993432288,0.16312729173022933,-0.34041782054900915,0.2065133344720569,0.9168255418149072,-31.16047034303628,0.11200741262419955,0.9230256457735395,-13.681365458361432,-0.4714748634385706
31,Leucobacter,Ga,364,-0.02590725911379545,0.15652434228183054,-0.34041782054900915,0.2065133344720569,0.9055689503609461,-31.16047034303628,0.11200741262419955,0.9230256457735395,-13.681365458361432,-0.4714748634385706
32,Arthrobacter,Rb,174,0.3159013189681914,0.16951608180342947,-0.31222948739380874,0.35297650985913265,1.693022534321871,-223.9693829582481,-0.6910019779735452,1.2144035297628513,-134.82796755257738,-0.6770635139770913
33,{Unknown Genus} Pseudonocardiaceae,Sb,45,-0.061327317381101004,0.38457363663735256,-0.1892150556984007,0.4840964947699137,0.9357919190402341,-1.0696686030081,0.9789320577603292,1.2979281146830752,-3.505074404761904,-0.7134897392868504
34,Pseudonocardia,Sb,25,0.33385148411779686,0.3742514994823567,-0.18019928876855995,0.2779321445814671,1.6523495393145309,-0.16305933334634,0.363577078972803,0.998402726014269,-0.2211189113654512,0.44798211053135983
35,{Unknown Genus} [Fimbriimonadaceae],Rb,42,-0.20072564366076248,0.38769798067406935,-0.0771570705274196,0.4623878548114445,1.3279628219814383,-0.21333082443127832,0.8535740134157376,1.535396825396825,-0.3413003663003663,0.7762962962962963
36,{Unknown Genus} Chthonomonadaceae,Naftalen,6,-0.31782068410457276,0.22998646312914817,-0.33497751616163085,0.38782954553704585,1.3918009584216247,-0.26957701339593365,-0.38739166328289887,1.0114942528735633,-0.23519999999999985,-0.28735632183908044
37,5-7N15,Rb,6,-0.24237667062415696,0.38579267069093137,-0.21067285237054012,0.24707672352210652,1.6945711058649862,-0.08571428571428572,-0.6943669395102943,0.9536423841059604,0.7142857142857142,0.41721854304635764
38,{Unknown Family} Cytophagales,Rb,65,-0.22949096427802765,0.3260679385629285,-0.10418165802790158,0.503945199045772,2.1130877336533835,-0.16014875881324628,0.9997604116468747,1.4968195049825188,0.25642860076389173,0.6931938946817195
39,Cytophaga,Rb,31,-0.26263871185653415,0.20277464856737182,-0.11953641403692972,0.5395093679211656,1.8920123176128425,-0.06526315789473687,0.9940943428099491,1.4509586835086306,0.3347368421052631,0.6755070202808112
40,Rudanella,Acenaften,25,-0.3355176039922194,0.16126079234356394,-0.2756069389915312,0.4662771022590363,0.9656557890532532,-85.22817369620489,0.13878289078816253,1.0254867605079239,-21.06938871473354,0.523417659218427
41,Sporocytophaga,Rb,52,-0.22453636683000464,0.4657730299516032,-0.08736027313627948,0.44036487571348504,1.8473029699500623,0.08614797199400921,0.433115954336749,1.5344591510725696,-0.2677723282023484,0.7094933820173437
42,Candidatus Rhabdochlamydia,Rb,406,-0.267137067255093,0.45746695474248544,-0.04212290663122564,0.43226987278156814,1.1495982999918817,-1.465108396801489,0.6680696238073749,1.2205427688079697,-5.231184288373145,0.5672323371121035
43,{Unknown Order} Anaerolineae,B,8,-0.35108080659707597,0.2594038920567969,-0.18854922684425035,0.395586331210133,1.1758605861519462,-0.4630980570603981,0.2489024243750788,0.9600000000000001,0.3700000000000001,0.5399999999999999
44,{Unknown Genus} S47,B,6,-0.13100171085597156,0.313436328047881,-0.3620977884554706,0.38232810524764405,1.6400123655753043,-0.7782008239294439,0.5860580809361651,0.9014084507042255,-0.38583333333333314,0.4741784037558685
45,{Unknown Family} WCHB1-50,Ga,5,-0.46284614927831214,0.23222717945136528,-0.031166155837730525,0.5778159822915285,0.963358946936123,-0.11901310244061954,0.5192810937433747,1.2167300380228137,0.280952380952381,0.5133079847908746
46,{Unknown Class} Cyanobacteria,"['Fe', 'Al', 'Cr', 'Mn']",5146,0.4273426920118369,0.24350457771743605,-0.29964963656213417,0.26648654139959005,0.9444333219194255,-18.263780224092013,0.9843822154511551,1.0291946727022077,-74562.94012346242,-0.5453544888698827
47,{Unknown Class} Cyanobacteria,pH,5146,-0.1651398712243156,0.2509674268540686,-0.29964963656213417,0.26648654139959005,0.9466955095235156,-18.263780224092013,0.9843822154511551,1.0279513698862128,-74562.94012346242,-0.5453544888698827
48,{Unknown Family} MLE1-12,Sb,250,-0.27336516404103817,0.32008415843413884,0.06911929261103056,0.6602127056359759,1.188282681102231,-0.7369292891860084,0.7903092940354633,1.4652534002532343,-1.1773203105489014,0.8380855554689596
49,{Unknown Family} YS2,Naftalen,2,-0.2314135283494573,0.3657431334973271,-0.14697521778440858,0.30925038682043837,2.063068687622886,-0.039999999999999945,-1.0630691791703115,1.032258064516129,0.36000000000000004,0.4838709677419355
50,{Unknown Genus} Chlamydomonadaceae,Ga,441,0.3683251900672882,0.21552504536493433,-0.06082357697568641,0.33896546147678397,1.630417020944091,-2319.537787738678,-0.6266458548596348,1.09912704752861,-1246.1568842667443,0.2607078554273101
51,Acutodesmus,Sb,4,-0.21961726181715724,0.5157643668430336,-0.18320834466059543,0.5037918953892668,1.3924858130810898,-0.07330730751479786,0.9999949852242833,1.422222222222222,0.06833333333333344,-0.7777777777777777
52,Dunaliella,Sb,24,0.5126937502565566,0.35950440519938054,-0.20789665802529234,0.4690569473713575,1.0971962490986953,-2.7697994959750685,0.05804184048797412,1.2337962962962963,-2.1201719576719573,0.5279706790123457
53,{Unknown Family} Cryptophyta,"['Se', 'Mo']",3300,-0.022957306896267647,0.3009863770811769,-0.24018673499824694,0.27871586396910986,0.972826864254719,-715.17855936925,0.07497911904126264,0.9057012158526222,-1248.6185957653859,0.1636023072913192
54,{Unknown Genus} Chroococcaceae,"['Se', 'Mo']",2,-0.04554602660539135,0.1688789261312631,-0.1805678046071666,0.23380261208167608,0.9336191083300489,-0.039999999999999994,-0.01844250142179238,1.032258064516129,0.16,-0.5483870967741935
55,{Unknown Genus} Chroococcaceae,B,2,-0.23371698253833773,0.17234764156738858,-0.1805678046071666,0.23380261208167608,1.0184392733539458,-0.039999999999999994,-0.01844250142179238,1.032258064516129,0.16,-0.5483870967741935
56,{Unknown Genus} Chroococcaceae,Ga,2,-0.0772951003052212,0.1617436246237588,-0.1805678046071666,0.23380261208167608,1.0184550191516784,-0.039999999999999994,-0.01844250142179238,1.032258064516129,0.16,-0.5483870967741935
57,{Unknown Genus} Chroococcaceae,Sb,2,0.21136405042739204,0.2811411776656987,-0.1805678046071666,0.23380261208167608,1.435115633651335,-0.039999999999999994,-0.01844250142179238,1.032258064516129,0.16,-0.5483870967741935
58,{Unknown Genus} Chroococcaceae,Ba,2,0.1353430123257444,0.1799036085844984,-0.1805678046071666,0.23380261208167608,1.0184402891689255,-0.039999999999999994,-0.01844250142179238,1.032258064516129,0.16,-0.5483870967741935
59,{Unknown Genus} Pseudanabaenaceae,"['Se', 'Mo']",126,-0.16217143698610187,0.25753160875126446,-0.2615102014129995,0.25238609449481075,1.357761790690326,-342.13245137248526,0.30132364869107653,0.953958572165646,-464.6358525290076,-0.4874749982942024
60,{Unknown Genus} Pseudanabaenaceae,pH,126,0.31729945824356853,0.30558614743374923,-0.2615102014129995,0.25238609449481075,1.2432609679244693,-342.13245137248526,0.30132364869107653,0.9896176155279292,-464.6358525290076,-0.4874749982942024
61,{Unknown Genus} Pseudanabaenaceae,Sb,126,0.19127097354936848,0.3365296803990896,-0.2615102014129995,0.25238609449481075,2.087743276864941,-342.13245137248526,0.30132364869107653,0.9627826985701203,-464.6358525290076,-0.4874749982942024
62,{Unknown Class} Elusimicrobia,Ni,2,-0.19432402755152747,0.18039422953697593,-0.19331841301754848,0.46820472342915653,2.0630686876228865,-0.039999999999999945,-1.063069179170312,1.032258064516129,0.56,0.4838709677419355
63,{Unknown Order} Endomicrobia,Ni,16,0.15420516390985775,0.16520903208246285,-0.17236542255053644,0.4914429715375479,0.9995750018378122,0.14040097154658215,0.8001404715174103,1.0666666666666667,-0.18846153846153835,-0.19999999999999996
64,Staphylococcus,Sb,566,-0.03768828600120477,0.15777504912423435,-0.20102567097136448,0.40190883784553466,1.3744136311223205,-1257.0597303424327,0.9572145664660981,1.3025979054797046,-558.1192143009375,-0.6791519197908487
65,{Unknown Genus} Carnobacteriaceae,"['Fe', 'Al', 'Cr', 'Mn']",4,-0.17413317166736955,0.22464664417337,-0.20760205466588788,0.28466929780487815,1.002869312099528,-0.09879144335089332,0.14736865367719532,1.0666666666666669,-0.13999999999999996,-0.6000000000000001
66,{Unknown Genus} Carnobacteriaceae,pH,4,0.09275401936863727,0.22625450719587514,-0.20760205466588788,0.28466929780487815,1.023885290281548,-0.09879144335089332,0.14736865367719532,1.0666666666666669,-0.13999999999999996,-0.6000000000000001
67,{Unknown Genus} Carnobacteriaceae,B,4,-0.23981590093223562,0.24677606463509538,-0.20760205466588788,0.28466929780487815,0.9241981781957063,-0.09879144335089332,0.14736865367719532,1.0666666666666669,-0.13999999999999996,-0.6000000000000001
68,Streptococcus,Ga,41,0.5409986567724123,0.1881999778476824,-0.13655001399031041,0.5947903743637026,1.045771726590249,-0.5265470770659141,0.7186390533884207,1.6285585355037964,-1.299062213039486,0.84006344952071
69,{Unknown Genus} Christensenellaceae,"['Fe', 'Al', 'Cr', 'Mn']",4,-0.16015833081815203,0.17293101353390894,-0.2305442609346755,0.37265558614023797,1.0659211561627067,-0.07398257527107802,0.4667130005286444,1.0666666666666669,-0.07333333333333329,-0.6000000000000001
70,{Unknown Genus} Christensenellaceae,"['Se', 'Mo']",4,-0.13557772864684958,0.1717785538050427,-0.2305442609346755,0.37265558614023797,1.0659211561627067,-0.07398257527107802,0.4667130005286444,1.0666666666666669,-0.07333333333333329,-0.6000000000000001
71,{Unknown Genus} Christensenellaceae,Sb,4,0.02815890181805044,0.42414366345189225,-0.2305442609346755,0.37265558614023797,1.0659211561627067,-0.07398257527107802,0.4667130005286444,1.0666666666666669,-0.07333333333333329,-0.6000000000000001
72,Epulopiscium,"['Fe', 'Al', 'Cr', 'Mn']",2,-0.10260984665054693,0.3956346965817934,-0.19524613940396107,0.17770477360877113,1.5201788831863645,-0.039999999999999994,0.5530984153619959,1.032258064516129,0.16,-0.5483870967741935
73,Epulopiscium,"['Se', 'Mo']",2,-0.04554602660539135,0.36947282210740273,-0.19524613940396107,0.17770477360877113,1.064098414825326,-0.039999999999999994,0.5530984153619959,1.032258064516129,0.16,-0.5483870967741935
74,Epulopiscium,Sb,2,0.21136405042739204,0.4838725166255491,-0.19524613940396107,0.17770477360877113,1.3464194323141516,-0.039999999999999994,0.5530984153619959,1.032258064516129,0.16,-0.5483870967741935
75,Thermodesulfobium,Sb,2,-0.17223397112086328,0.3253462213444518,-0.12764547474069654,0.5831027253472476,2.0630686876228865,-0.033333333333333305,0.9999995084525745,1.032258064516129,0.3666666666666667,-0.5483870967741935
76,cc_115,Ni,2,0.14448151068086545,0.35119154804574126,-0.1600993368442114,0.3637251274961597,2.063068687622886,-0.039999999999999994,-1.0630691791703115,1.032258064516129,0.5599999999999999,0.4838709677419355
77,{Unknown Order} Gemm-2,"['Fe', 'Al', 'Cr', 'Mn']",4,-0.1876089110576865,0.46760857077737095,0.00013840576063917087,0.32149743874643877,1.068261125374053,-0.07330730751479782,-1.0635410473479263,1.0666666666666669,0.12666666666666676,-0.6000000000000001
78,{Unknown Order} Gemm-2,"['Fluoren', 'Fluoranten']",4,-0.009347049199262228,0.47241817273097275,0.00013840576063917087,0.32149743874643877,2.0635405301364247,-0.07330730751479782,-1.0635410473479263,1.0666666666666669,0.12666666666666676,-0.6000000000000001
79,{Unknown Order} Gemm-2,pH,4,-0.22317670162497333,0.4370786318274318,0.00013840576063917087,0.32149743874643877,1.5468105659361027,-0.07330730751479782,-1.0635410473479263,1.0666666666666669,0.12666666666666676,-0.6000000000000001
80,{Unknown Order} Gemm-2,TOC,4,-0.12752712038078348,0.4728931226699228,0.00013840576063917087,0.32149743874643877,1.989015744455155,-0.07330730751479782,-1.0635410473479263,1.0666666666666669,0.12666666666666676,-0.6000000000000001
81,{Unknown Order} Gemm-2,HCHO,4,-0.011231623250591976,0.4879747544159546,0.00013840576063917087,0.32149743874643877,2.0635405301364247,-0.07330730751479782,-1.0635410473479263,1.0666666666666669,0.12666666666666676,-0.6000000000000001
82,{Unknown Order} Gemm-2,B,4,-0.16776329682328622,0.47335000667480664,0.00013840576063917087,0.32149743874643877,2.0635405301364247,-0.07330730751479782,-1.0635410473479263,1.0666666666666669,0.12666666666666676,-0.6000000000000001
83,{Unknown Order} Gemm-2,Ni,4,0.073810632475131,0.4956295207163208,0.00013840576063917087,0.32149743874643877,2.0635405301364247,-0.07330730751479782,-1.0635410473479263,1.0666666666666669,0.12666666666666676,-0.6000000000000001
84,{Unknown Order} Gemm-2,Ga,4,-0.045878651551200585,0.47241817273097286,0.00013840576063917087,0.32149743874643877,2.0635405301364247,-0.07330730751479782,-1.0635410473479263,1.0666666666666669,0.12666666666666676,-0.6000000000000001
85,{Unknown Order} Gemm-2,Rb,4,0.14413266780651093,0.49888638518518535,0.00013840576063917087,0.32149743874643877,2.0635405301364247,-0.07330730751479782,-1.0635410473479263,1.0666666666666669,0.12666666666666676,-0.6000000000000001
86,{Unknown Order} Gemm-2,Sb,4,-0.09406625272683386,0.47241817273097275,0.00013840576063917087,0.32149743874643877,2.0635405301364247,-0.07330730751479782,-1.0635410473479263,1.0666666666666669,0.12666666666666676,-0.6000000000000001
87,{Unknown Order} Gemm-2,Ba,4,-0.2081176797968824,0.5514988076516076,0.00013840576063917087,0.32149743874643877,2.0635405301364247,-0.07330730751479782,-1.0635410473479263,1.0666666666666669,0.12666666666666676,-0.6000000000000001
88,{Unknown Order} Gemm-2,Naftalen,4,0.4077814312772748,0.5378177201465203,0.00013840576063917087,0.32149743874643877,2.0635405301364247,-0.07330730751479782,-1.0635410473479263,1.0666666666666669,0.12666666666666676,-0.6000000000000001
89,{Unknown Order} Gemm-2,Acenaften,4,0.055757926181797854,0.47241817273097275,0.00013840576063917087,0.32149743874643877,2.0635405301364247,-0.07330730751479782,-1.0635410473479263,1.0666666666666669,0.12666666666666676,-0.6000000000000001
90,{Unknown Order} BB34,Rb,34,-0.35936635158022634,0.2580545808255804,-0.07137275400646059,0.516415286638664,1.5769752183936894,-0.43736613433957816,0.926192197232513,1.4409005628517821,-0.6595273715144886,0.6054677030286786
91,{Unknown Order} IIB17,Rb,8,-0.3013815673674783,0.43329246034951674,-0.1606075717581643,0.422981897795606,1.462058175911346,-0.1103448275862069,-0.22349235772906106,1.2023809523809523,0.2896551724137931,0.49404761904761896
92,{Unknown Class} Kazan-3B-28,Rb,155,-0.26888617144236415,0.20512180123877854,-0.13075455471246156,0.525494154671301,1.5615494390247626,-17.622335553864072,0.13196124620657268,1.2428831875171873,-5.5561888867156455,0.5683163073037083
93,{Unknown Genus} [Thermodesulfovibrionaceae],B,2,-0.266070460303748,0.15562924731182803,-0.38416215020157507,0.5272477132616488,2.0630686876228865,-0.03333333333333326,0.9999995084525745,1.032258064516129,0.7666666666666668,0.4838709677419355
94,JG37-AG-70,B,48,-0.23878386185675604,0.25598664390061865,-0.07284492408909138,0.5622884501987937,1.7348752580579232,-0.0838733163451038,0.9999999889761855,1.005038387715931,0.5161266836548962,0.6458733205374281
95,{Unknown Order} WCHB1-64,Rb,405,-0.34996318103135854,0.2321651283436844,0.010822710990747608,0.5141526717457389,1.2316830109926835,-2.4078155945012814,0.8300539122672801,1.6785101334613912,-3.241143094388935,0.7275021461067395
96,{Unknown Order} Pla4,B,8,-0.3285866857162562,0.1980902361111112,0.1432984370167144,0.6493810783139644,2.206362025215336,-0.10847457627118642,0.874801596166833,1.9270833333333335,0.4915254237288136,0.9583333333333334
97,A17,"['Fe', 'Al', 'Cr', 'Mn']",429,-0.1827245406649007,0.4215093534436105,-0.14012630967746165,0.20709185087954307,1.3295174692585867,-9.053283073715818,-0.31507134869198183,0.9447414102419921,-5.719445713621719,-0.4288658099668812
98,A17,"['Se', 'Mo']",429,0.004679619177337103,0.38962310057520966,-0.14012630967746165,0.20709185087954307,1.2689984349714392,-9.053283073715818,-0.31507134869198183,1.0248693873273003,-5.719445713621719,-0.4288658099668812
99,A17,"['Fluoren', 'Fluoranten']",429,-0.17970032086933627,0.3913982340860387,-0.14012630967746165,0.20709185087954307,1.3150713347778011,-9.053283073715818,-0.31507134869198183,0.9675142317893918,-5.719445713621719,-0.4288658099668812
100,A17,pH,429,0.19531659088476208,0.3910777595079149,-0.14012630967746165,0.20709185087954307,1.3144839440481455,-9.053283073715818,-0.31507134869198183,0.9675142317893918,-5.719445713621719,-0.4288658099668812
101,A17,TOC,429,0.02130343080090365,0.4006461101613168,-0.14012630967746165,0.20709185087954307,1.314366780377846,-9.053283073715818,-0.31507134869198183,0.9675142317893918,-5.719445713621719,-0.4288658099668812
102,A17,HCHO,429,0.026270177495801107,0.3802507029921265,-0.14012630967746165,0.20709185087954307,1.3109603700937753,-9.053283073715818,-0.31507134869198183,0.9675142317893918,-5.719445713621719,-0.4288658099668812
103,A17,B,429,-0.2020882030279054,0.44034775224738687,-0.14012630967746165,0.20709185087954307,1.3180962265816127,-9.053283073715818,-0.31507134869198183,0.9675142317893918,-5.719445713621719,-0.4288658099668812
104,A17,Ni,429,-0.010207683598556885,0.3938884463249316,-0.14012630967746165,0.20709185087954307,1.2990511279529362,-9.053283073715818,-0.31507134869198183,0.9675142317893918,-5.719445713621719,-0.4288658099668812
105,A17,Ga,429,0.057388154231563446,0.4031369637690304,-0.14012630967746165,0.20709185087954307,1.3157876259808226,-9.053283073715818,-0.31507134869198183,0.9675142317893918,-5.719445713621719,-0.4288658099668812
106,A17,Rb,429,-0.09241050987423213,0.3902822922887601,-0.14012630967746165,0.20709185087954307,1.3155504277030996,-9.053283073715818,-0.31507134869198183,0.9675142317893918,-5.719445713621719,-0.4288658099668812
107,A17,Sb,429,0.029632103998454295,0.443490574046167,-0.14012630967746165,0.20709185087954307,1.282975325341022,-9.053283073715818,-0.31507134869198183,1.102933695659658,-5.719445713621719,-0.4288658099668812
108,A17,Ba,429,0.1205871170050851,0.4014614952489569,-0.14012630967746165,0.20709185087954307,1.3187147408868056,-9.053283073715818,-0.31507134869198183,0.9675142317893918,-5.719445713621719,-0.4288658099668812
109,A17,Naftalen,429,0.0039768888361477435,0.39615929285783347,-0.14012630967746165,0.20709185087954307,1.2971362864738367,-9.053283073715818,-0.31507134869198183,0.9675142317893918,-5.719445713621719,-0.4288658099668812
110,A17,Acenaften,429,0.034922994992901406,0.39031321674888053,-0.14012630967746165,0.20709185087954307,1.3126656784648367,-9.053283073715818,-0.31507134869198183,0.9675142317893918,-5.719445713621719,-0.4288658099668812
111,{Unknown Order} Alphaproteobacteria,Rb,2243,-0.32313428971999236,0.5199455243353539,0.2568718337915975,0.6521783165514947,1.9376905894837573,-1.7234605443573237,0.9877826729292497,2.0283988274772127,-2.416123858789028,0.9492961292250571
112,{Unknown Family} BD7-3,Rb,174,-0.13477549978317646,0.27442095462854654,-0.013482177832908171,0.5221733857281907,1.3953687368274643,-1.4818151811325173,0.7341747921126922,1.9559154385083284,-2.6609532285121924,0.8499262781806657
113,Asticcacaulis,Ni,6,-0.21717993944702307,0.2807134626306135,-0.21636678505079443,0.41525294434189086,2.089862708479105,-0.06000000000000001,-1.0898627879876437,1.0050251256281406,0.33999999999999997,0.4773869346733668
114,{Unknown Family} Ellin329,Rb,189,-0.182001350775902,0.3289229828953003,-0.0003869274864491956,0.5060434861199617,0.9019517631245716,-3.790055979282522,0.8887091014988192,1.3702728629115946,-2.685384207195031,0.7543988665166468
115,{Unknown Genus} Bradyrhizobiaceae,Ga,460,0.5382151594764499,0.20989808757678596,-0.061439391857692094,0.5808899640190921,1.2252556239795669,-5.73136781774677,0.580647826091105,1.192211566366788,-8.167156535568784,0.7807546570107319
116,Pedomicrobium,Sb,25,0.182629052739612,0.15220828962970656,-0.3043806022028439,0.40236684403763434,1.2120293089483565,-1.2559113006880538,-0.18440693929229313,0.912703598828626,-5.641212121212121,-0.4784481715433577
117,Hyphomonas,Acenaften,2,-0.29836714432010397,0.1526519546307934,-0.28334602556662003,0.4448777206860227,1.0136624636782001,-0.033333333333333305,0.03861600680564681,1.032258064516129,0.3666666666666667,0.4838709677419355
118,Anaerospora,Rb,14,-0.2446702409826826,0.18217923103201983,-0.026978854420183662,0.5878803917296762,1.2229150175833943,-4.704430388654016,0.8442501937340015,1.4515648286140088,-0.06580645161290319,0.6661698956780924
119,Aquabacterium,Rb,23,-0.362734155439814,0.39259841534872086,0.027349237481166355,0.48755195042796706,2.0942438404296486,-0.22896873079414717,0.6742404095637831,1.6364907200171868,-0.22004787552363853,0.7343304183018653
120,{Unknown Genus} Procabacteriaceae,Rb,147,-0.3393335788472634,0.38292629121364563,0.016960433970642397,0.5290202428073466,1.437857295835518,-1.841496873854922,0.8914542807794823,2.190429597793308,-2.282849348108749,0.9085220125284792
121,KD1-23,Sb,6,0.5562645069670097,0.47234699631664434,0.008740667787137335,0.4983141506853149,1.317126001957139,-0.1387171532920409,0.37489466610880096,1.5211267605633803,0.33652777777777787,0.49295774647887325
122,{Unknown Family} AF420338,Rb,27,-0.17333085805700493,0.2796671485744441,-0.1313114925186849,0.5100825839771914,2.3376570014097546,-0.1329854081040586,0.5923080518721542,1.421747831887925,0.06700564971751417,0.6904603068712475
123,{Unknown Genus} Bdellovibrionaceae,Rb,18,-0.16290169196331256,0.3408999469299717,-0.11294828018391745,0.48964612218056813,1.2463320075986477,-0.2935695225475356,0.9632322498918353,1.7278617710583153,-0.12480000000000006,0.8206314923377558
124,Desulfococcus,Rb,4,0.5678451819805665,0.26679195526695554,-0.03529160132836884,0.5261150718150898,1.2720077090886346,-0.12307692307692308,0.8179348005230647,1.6363636363636362,0.4769230769230769,0.8181818181818181
125,Geobacter,pH,102,0.27734323903595487,0.30350486455672143,-0.21571436410743128,0.17970147441586992,1.2692449029392163,-1.0787080174638368,0.6361528318831956,1.0608877976108368,-133.33593771439027,-0.6163927429884415
126,Geobacter,Sb,102,0.21930024597807474,0.4535726156346749,-0.21571436410743128,0.17970147441586992,1.5435309152390349,-1.0787080174638368,0.6361528318831956,1.1757020848453046,-133.33593771439027,-0.6163927429884415
127,Anaeromyxobacter,"['Fluoren', 'Fluoranten']",2,-0.09456321808743041,0.17207322143089887,-0.2387544046174439,0.2580263377336717,1.377689920464657,-0.039999999999999994,-0.37769131644494625,1.032258064516129,0.16,-0.5483870967741935
128,Anaeromyxobacter,pH,2,0.25862933681802724,0.21771737913699207,-0.2387544046174439,0.2580263377336717,0.9175803246762423,-0.039999999999999994,-0.37769131644494625,1.032258064516129,0.16,-0.5483870967741935
129,Anaeromyxobacter,TOC,2,-0.05820809455418549,0.1717251295841895,-0.2387544046174439,0.2580263377336717,1.377689920464657,-0.039999999999999994,-0.37769131644494625,1.032258064516129,0.16,-0.5483870967741935
130,Anaeromyxobacter,B,2,-0.23371698253833773,0.21200698263743434,-0.2387544046174439,0.2580263377336717,1.377689920464657,-0.039999999999999994,-0.37769131644494625,1.032258064516129,0.16,-0.5483870967741935
131,Anaeromyxobacter,Ni,2,0.05488855680178283,0.17207322143089887,-0.2387544046174439,0.2580263377336717,1.377689920464657,-0.039999999999999994,-0.37769131644494625,1.032258064516129,0.16,-0.5483870967741935
132,Anaeromyxobacter,Ga,2,-0.0772951003052212,0.19726581464413728,-0.2387544046174439,0.2580263377336717,1.377689920464657,-0.039999999999999994,-0.37769131644494625,1.032258064516129,0.16,-0.5483870967741935
133,Anaeromyxobacter,Rb,2,-0.059169746767727696,0.17207322143089887,-0.2387544046174439,0.2580263377336717,1.377689920464657,-0.039999999999999994,-0.37769131644494625,1.032258064516129,0.16,-0.5483870967741935
134,Anaeromyxobacter,Sb,2,0.21136405042739204,0.3137482984685568,-0.2387544046174439,0.2580263377336717,2.1471711993768916,-0.039999999999999994,-0.37769131644494625,1.032258064516129,0.16,-0.5483870967741935
135,Anaeromyxobacter,Ba,2,0.1353430123257444,0.2033727849444229,-0.2387544046174439,0.2580263377336717,1.377689920464657,-0.039999999999999994,-0.37769131644494625,1.032258064516129,0.16,-0.5483870967741935
136,Anaeromyxobacter,Naftalen,2,0.02712564932494126,0.17207322143089887,-0.2387544046174439,0.2580263377336717,1.377689920464657,-0.039999999999999994,-0.37769131644494625,1.032258064516129,0.16,-0.5483870967741935
137,Anaeromyxobacter,Acenaften,2,-0.06479255350075455,0.1743541840525067,-0.2387544046174439,0.2580263377336717,1.377689920464657,-0.039999999999999994,-0.37769131644494625,1.032258064516129,0.16,-0.5483870967741935
138,{Unknown Family} Spirobacillales,Rb,639,-0.08473971895255467,0.2276891221869064,-0.21188370276595747,0.5292440989514757,0.9682928434146074,-84.52892146375301,0.9653691524158979,1.0007616911701185,-14.1667699613234,0.5749488226488202
139,Sulfurimonas,B,2,-0.266070460303748,0.2467884895033281,-0.2519323579261432,0.49152524672664766,2.0630686876228865,-0.03333333333333326,-1.063069179170312,1.032258064516129,0.7666666666666668,0.4838709677419355
140,Cellvibrio,Rb,174,-0.23092098110337547,0.21749057161086527,-0.22330941651558844,0.5046615423536399,2.0428626640494576,-301.5158298895475,0.9999861288485657,1.0829551286856933,0.026726383065986115,0.498151747045967
141,Stenotrophomonas-1,B,6,-0.2660704603037479,0.211335135688684,-0.3294028547234511,0.49225995230780484,2.064050034692471,-0.033333333333333305,0.999999949030415,1.032258064516129,0.7666666666666667,0.4838709677419355
142,{Unknown Genus} Moraxellaceae,"['Fe', 'Al', 'Cr', 'Mn']",14122,0.18012076502500732,0.21734035123840822,-0.19251362035231812,0.25860971052336823,2.060932801270635,-7656669.921514404,-1.0614939156883194,1.0262327270451972,-2404132.4621515097,-0.5461242203050143
143,{Unknown Genus} Moraxellaceae,"['Se', 'Mo']",14122,0.16638382228622609,0.20986501477492847,-0.19251362035231812,0.25860971052336823,2.060695410660691,-7656669.921514404,-1.0614939156883194,1.0262327270451972,-2404132.4621515097,-0.5461242203050143
144,{Unknown Genus} Moraxellaceae,"['Fluoren', 'Fluoranten']",14122,-0.04006525792079102,0.21750720172230364,-0.19251362035231812,0.25860971052336823,2.061493915681128,-7656669.921514404,-1.0614939156883194,1.0262327270451972,-2404132.4621515097,-0.5461242203050143
145,{Unknown Genus} Moraxellaceae,pH,14122,0.023704827671427148,0.21955424690398206,-0.19251362035231812,0.25860971052336823,2.0608558349492174,-7656669.921514404,-1.0614939156883194,1.0300039422875273,-2404132.4621515097,-0.5461242203050143
146,{Unknown Genus} Moraxellaceae,TOC,14122,0.2070532861602295,0.21749481360182377,-0.19251362035231812,0.25860971052336823,2.061493909605085,-7656669.921514404,-1.0614939156883194,1.0297820782272757,-2404132.4621515097,-0.5461242203050143
147,{Unknown Genus} Moraxellaceae,HCHO,14122,-0.28652371275876526,0.22040288689944876,-0.19251362035231812,0.25860971052336823,2.06165404577588,-7656669.921514404,-1.0614939156883194,1.0300039422875273,-2404132.4621515097,-0.5461242203050143
148,{Unknown Genus} Moraxellaceae,B,14122,-0.04316790420499576,0.21750687816041325,-0.19251362035231812,0.25860971052336823,2.0618719628043713,-7656669.921514404,-1.0614939156883194,1.0300039422875273,-2404132.4621515097,-0.5461242203050143
149,{Unknown Genus} Moraxellaceae,Ni,14122,-0.12123919558108948,0.22023265403734504,-0.19251362035231812,0.25860971052336823,2.0614726910788823,-7656669.921514404,-1.0614939156883194,1.0300039827188767,-2404132.4621515097,-0.5461242203050143
150,{Unknown Genus} Moraxellaceae,Ga,14122,-0.10340572695496618,0.21751316305932655,-0.19251362035231812,0.25860971052336823,2.0614940267751436,-7656669.921514404,-1.0614939156883194,1.0300039422875273,-2404132.4621515097,-0.5461242203050143
151,{Unknown Genus} Moraxellaceae,Rb,14122,-0.05714774072310804,0.23619099818239708,-0.19251362035231812,0.25860971052336823,2.061506942087676,-7656669.921514404,-1.0614939156883194,1.0300060517905196,-2404132.4621515097,-0.5461242203050143
152,{Unknown Genus} Moraxellaceae,Sb,14122,-0.20862884235658602,0.21749735529798953,-0.19251362035231812,0.25860971052336823,2.0614605135899415,-7656669.921514404,-1.0614939156883194,1.0300039422875273,-2404132.4621515097,-0.5461242203050143
153,{Unknown Genus} Moraxellaceae,Ba,14122,-0.13963528841476278,0.2539959443592691,-0.19251362035231812,0.25860971052336823,2.061493910601903,-7656669.921514404,-1.0614939156883194,1.0300039422875273,-2404132.4621515097,-0.5461242203050143
154,{Unknown Genus} Moraxellaceae,Naftalen,14122,0.045492902216110985,0.21754038670822862,-0.19251362035231812,0.25860971052336823,2.0616482909795177,-7656669.921514404,-1.0614939156883194,1.0300039422875273,-2404132.4621515097,-0.5461242203050143
155,{Unknown Genus} Moraxellaceae,Acenaften,14122,-0.2663882919589466,0.21749270865433734,-0.19251362035231812,0.25860971052336823,2.061495150073,-7656669.921514404,-1.0614939156883194,1.0300039422875273,-2404132.4621515097,-0.5461242203050143
156,Wohlfahrtiimonas,Ni,9,0.5328488216487063,0.31401025144638584,-0.3150548761442613,0.4937822833014315,1.4370356710461798,-1.0967372913943587,0.8216703688473019,1.0803418803418805,-0.16833333333333322,-0.5945299145299148
157,{Unknown Genus} Brachyspiraceae,Sb,2,0.21136405042739204,0.23598819305630392,-0.24303123650525937,0.24816426542037773,1.950282048368523,-0.039999999999999994,-0.5745804674533153,1.032258064516129,0.16,-0.5483870967741935
158,Leptospira,Ni,6,0.5656378344721101,0.3918144697770213,-0.24028653942467337,0.45072375352384964,1.4712522694648058,0.39532088363246815,0.7044786934200857,1.2145454545454546,-0.3643418367346937,0.6799999999999999
159,{Unknown Class} SR1,Rb,295,-0.4752881013299028,0.36568733883583204,0.18747056321270106,0.6425535669076012,1.4397877389392213,-0.8841176677375305,0.9497498524747133,1.741138371028081,-1.9319611128620693,0.8033760988911484
160,{Unknown Family} EW055,Sb,787,-0.2732294194848414,0.40653181827820806,-0.07841104654439479,0.4806561305290967,1.4191266493289323,-32.290668317859634,0.654354435142052,1.0337192059189957,-32.71293165868661,0.6404194290139309
161,Prosthecobacter,Ni,22,-0.030482215132444895,0.3106305070088349,-0.13166778161636183,0.5639154927827471,1.2836730791243398,-0.8518027573061108,0.9485821470147199,1.4134884723120018,-0.18955223880597014,0.8862314156431803
162,{Unknown Order} BS119,Rb,13,-0.2663950430803718,0.1981476668917448,-0.07110557696359421,0.5136326466307617,1.186952601885336,-0.14768724329653926,0.9276460127490828,1.383845604002859,0.22174496644295316,0.6168691922802001
