,Bacteria,Chemicals,Importance_random_forest,CV_random_forest,R_squared_random_forest
233,{Unknown Order} Mb-NB09,Ba,0.213236127189807,0.3096989232577466,0.7718436664347336
274,{Unknown Family} AKAU3564,Acenaftylen,0.34652152856925944,0.16011861570487407,0.5811923098449315
273,Brocadiaceae,Acenaftylen,0.20555734243710289,0.11918837986873576,0.5390479955818677
272,Brocadiaceae,Ba,0.21311212955961678,0.11918837986873576,0.5390479955818677
271,Brocadiaceae,B,0.21003476119489595,0.11918837986873576,0.5390479955818677
114,Dolo_23,"['Fluoren', 'Fluoranten']",0.21488364098468837,0.08270569868160726,0.5400137461560969
117,Dolo_23,ΣPh,0.2119709234395014,0.08270569868160726,0.5400137461560969
123,Dolo_23,Sb,0.2519816088301242,0.08270569868160726,0.5400137461560969
122,Dolo_23,Sr,0.23246826556196631,0.08270569868160726,0.5400137461560969
121,Dolo_23,Ga,0.21812896929284664,0.08270569868160726,0.5400137461560969
120,Dolo_23,Ni,0.24170424201954,0.08270569868160726,0.5400137461560969
119,Dolo_23,B,0.2156166886040517,0.08270569868160726,0.5400137461560969
113,Dolo_23,"['Se', 'Mo']",0.21814345748123254,0.08270569868160726,0.5400137461560969
116,Dolo_23,TOC,0.20913576899757091,0.08270569868160726,0.5400137461560969
115,Dolo_23,pH,0.21254780757260783,0.08270569868160726,0.5400137461560969
125,Dolo_23,Naftalen,0.23092043676095997,0.08270569868160726,0.5400137461560969
112,Dolo_23,"['Zn', 'U']",0.20626658927568953,0.08270569868160726,0.5400137461560969
111,Dolo_23,"['Co', 'Mn']",0.19516628140058634,0.08270569868160726,0.5400137461560969
124,Dolo_23,Ba,0.2586700057871738,0.08270569868160726,0.5400137461560969
118,Dolo_23,HCHO,0.21472456173769283,0.08270569868160726,0.5400137461560969
126,Dolo_23,Acenaftylen,0.22858035851310277,0.08270569868160726,0.5400137461560969
128,Dolo_23,Fenantren,0.23567396271351038,0.08270569868160726,0.5400137461560969
127,Dolo_23,Acenaften,0.21421484275429847,0.08270569868160726,0.5400137461560969
63,{Unknown Order} SJA-28,HCHO,0.21153439075547764,0.07000778390604534,0.5383605496686668
50,{Unknown Order} PRR-11,Acenaftylen,0.20753007204509388,0.06051978021487525,0.5761107039184513
219,Christensenellaceae,Acenaften,0.19089218290791,0.058631098964368245,0.5323509680420271
218,Christensenellaceae,Acenaftylen,0.19594394898315093,0.058631098964368245,0.5323509680420271
191,Leuconostocaceae,HCHO,0.2197671975274761,0.054988325992151976,0.5306391116376878
188,Leuconostocaceae,"['Se', 'Mo']",0.20473247515795012,0.054988325992151976,0.5306391116376878
187,Leuconostocaceae,"['Co', 'Mn']",0.2204930091264361,0.054988325992151976,0.5306391116376878
201,Leuconostocaceae,Fenantren,0.1966632446670189,0.054988325992151976,0.5306391116376878
200,Leuconostocaceae,Acenaften,0.1909289742262379,0.054988325992151976,0.5306391116376878
193,Leuconostocaceae,Ni,0.20113444994364604,0.054988325992151976,0.5306391116376878
192,Leuconostocaceae,B,0.19611034254894755,0.054988325992151976,0.5306391116376878
189,Leuconostocaceae,TOC,0.19465739436886642,0.054988325992151976,0.5306391116376878
194,Leuconostocaceae,Ga,0.23792922006860162,0.054988325992151976,0.5306391116376878
195,Leuconostocaceae,Sr,0.21507607254765837,0.054988325992151976,0.5306391116376878
196,Leuconostocaceae,Sb,0.19550125700855858,0.054988325992151976,0.5306391116376878
197,Leuconostocaceae,Ba,0.2553792596260889,0.054988325992151976,0.5306391116376878
198,Leuconostocaceae,Naftalen,0.195286798024627,0.054988325992151976,0.5306391116376878
199,Leuconostocaceae,Acenaftylen,0.19826908073110472,0.054988325992151976,0.5306391116376878
190,Leuconostocaceae,ΣPh,0.21650909826134757,0.054988325992151976,0.5306391116376878
202,Streptococcaceae,Fenantren,0.22701266181848911,0.04283566830804375,0.6722674771453359
361,Endoecteinascidiaceae,HCHO,0.24005760959252398,0.03502877559500017,0.5604517481670966
221,{Unknown Family} Gemmatimonadales,Sr,0.19070624570848405,0.02628773331240153,0.6440128530665072
220,{Unknown Family} Gemmatimonadales,Ni,0.1927633806561202,0.02628773331240153,0.6440128530665072
270,{Unknown Order} 028H05-P-BN-P5,Ni,0.22704861032727996,-0.008225326801716726,0.5714448144342135
58,Parachlamydiaceae,Sb,0.2402901214787272,-0.010924769753442698,0.505651851758929
59,Parachlamydiaceae,Ba,0.22646812539236438,-0.010924769753442698,0.505651851758929
57,Parachlamydiaceae,Sr,0.20021115021097757,-0.010924769753442698,0.505651851758929
54,Parachlamydiaceae,B,0.20262571991279543,-0.010924769753442698,0.505651851758929
56,Parachlamydiaceae,Ga,0.19191372144236152,-0.010924769753442698,0.505651851758929
55,Parachlamydiaceae,Ni,0.20612839323175236,-0.010924769753442698,0.505651851758929
60,Parachlamydiaceae,Acenaftylen,0.198363019763229,-0.010924769753442698,0.505651851758929
53,Parachlamydiaceae,HCHO,0.19215694019192464,-0.010924769753442698,0.505651851758929
52,Parachlamydiaceae,pH,0.19030822486846954,-0.010924769753442698,0.505651851758929
51,Parachlamydiaceae,"['Cu', 'Cr', 'Cd', 'Pb']",0.19174356126243908,-0.010924769753442698,0.505651851758929
62,Parachlamydiaceae,Fenantren,0.1906816894708857,-0.010924769753442698,0.505651851758929
61,Parachlamydiaceae,Acenaften,0.21390904124397436,-0.010924769753442698,0.505651851758929
181,{Unknown Family} Haptophyceae,Ba,0.201195114453247,-0.05228245291381706,0.5516600158745215
183,{Unknown Family} Haptophyceae,Acenaftylen,0.2241180306278504,-0.05228245291381706,0.5516600158745215
182,{Unknown Family} Haptophyceae,Naftalen,0.23679139219590217,-0.05228245291381706,0.5516600158745215
269,{Unknown Class} Planctomycetes,Fenantren,0.19364400900298118,-0.05347678127953137,0.5737565284551402
260,{Unknown Class} Planctomycetes,B,0.20891324871992467,-0.05347678127953137,0.5737565284551402
262,{Unknown Class} Planctomycetes,Ga,0.19501072303661293,-0.05347678127953137,0.5737565284551402
263,{Unknown Class} Planctomycetes,Sr,0.2055777270682786,-0.05347678127953137,0.5737565284551402
264,{Unknown Class} Planctomycetes,Sb,0.24472177813232965,-0.05347678127953137,0.5737565284551402
265,{Unknown Class} Planctomycetes,Ba,0.19422976859716212,-0.05347678127953137,0.5737565284551402
266,{Unknown Class} Planctomycetes,Naftalen,0.2031835508603027,-0.05347678127953137,0.5737565284551402
267,{Unknown Class} Planctomycetes,Acenaftylen,0.19407297522142142,-0.05347678127953137,0.5737565284551402
268,{Unknown Class} Planctomycetes,Acenaften,0.2544482717492742,-0.05347678127953137,0.5737565284551402
259,{Unknown Class} Planctomycetes,HCHO,0.19422976859716212,-0.05347678127953137,0.5737565284551402
258,{Unknown Class} Planctomycetes,TOC,0.19139058913061424,-0.05347678127953137,0.5737565284551402
257,{Unknown Class} Planctomycetes,EC,0.1913058853016999,-0.05347678127953137,0.5737565284551402
256,{Unknown Class} Planctomycetes,pH,0.1923315693491885,-0.05347678127953137,0.5737565284551402
255,{Unknown Class} Planctomycetes,"['Fluoren', 'Fluoranten']",0.19422976859716212,-0.05347678127953137,0.5737565284551402
254,{Unknown Class} Planctomycetes,"['Cd', 'Cu', 'Pb']",0.2028766322638753,-0.05347678127953137,0.5737565284551402
261,{Unknown Class} Planctomycetes,Ni,0.1944130744867838,-0.05347678127953137,0.5737565284551402
298,Bradyrhizobiaceae,B,0.20579186758781298,-0.05463461088590815,0.5202748133376464
299,Bradyrhizobiaceae,Sb,0.2155709201166427,-0.05463461088590815,0.5202748133376464
40,Cytophagaceae,B,0.2029872513140043,-0.05781246043671717,0.52432710768834
32,Cytophagaceae,"['Se', 'Mo']",0.21547008346407115,-0.05781246043671717,0.52432710768834
48,Cytophagaceae,Acenaften,0.2589744828958085,-0.05781246043671717,0.52432710768834
28,Cytophagaceae,"['Fe', 'Al', 'Cr', 'Mn']",0.2115899577754482,-0.05781246043671717,0.52432710768834
29,Cytophagaceae,"['Cu', 'Cr', 'Cd', 'Pb']",0.2039651163431523,-0.05781246043671717,0.52432710768834
30,Cytophagaceae,"['Zn', 'U']",0.2135580234480603,-0.05781246043671717,0.52432710768834
31,Cytophagaceae,"['Rb', 'Piren']",0.2111475166554595,-0.05781246043671717,0.52432710768834
34,Cytophagaceae,"['Fluoren', 'Fluoranten']",0.20370910824676536,-0.05781246043671717,0.52432710768834
33,Cytophagaceae,"['Cd', 'Cu', 'Pb']",0.20784049671033233,-0.05781246043671717,0.52432710768834
35,Cytophagaceae,pH,0.21331081414843545,-0.05781246043671717,0.52432710768834
36,Cytophagaceae,EC,0.2033293799003213,-0.05781246043671717,0.52432710768834
37,Cytophagaceae,TOC,0.1963002207522505,-0.05781246043671717,0.52432710768834
38,Cytophagaceae,ΣPh,0.20930160405430154,-0.05781246043671717,0.52432710768834
39,Cytophagaceae,HCHO,0.20374543552422553,-0.05781246043671717,0.52432710768834
41,Cytophagaceae,Ni,0.20351956865533227,-0.05781246043671717,0.52432710768834
49,Cytophagaceae,Fenantren,0.24844688643571589,-0.05781246043671717,0.52432710768834
42,Cytophagaceae,Ga,0.2036222283237178,-0.05781246043671717,0.52432710768834
46,Cytophagaceae,Naftalen,0.20741849572640303,-0.05781246043671717,0.52432710768834
43,Cytophagaceae,Sr,0.21457330185512202,-0.05781246043671717,0.52432710768834
47,Cytophagaceae,Acenaftylen,0.2381511062648186,-0.05781246043671717,0.52432710768834
27,Cytophagaceae,"['Cr', 'Fe', 'Cu']",0.19224482287283096,-0.05781246043671717,0.52432710768834
45,Cytophagaceae,Ba,0.21411237834782693,-0.05781246043671717,0.52432710768834
44,Cytophagaceae,Sb,0.20468069511611264,-0.05781246043671717,0.52432710768834
186,{Unknown Family} Ucp1540,Acenaftylen,0.22903870898462486,-0.06741923979157871,0.48439240211011814
64,Anaerolinaceae,Acenaften,0.19905644652761645,-0.06753495699454248,0.5190927540922357
144,{Unknown Family} B07_WMSP1,TOC,0.35816888482027254,-0.08771544131876086,0.2692049327640752
132,{Unknown Family} B07_WMSP1,"['Cr', 'Fe', 'Cu']",0.24990083378511552,-0.08771544131876086,0.2692049327640752
133,{Unknown Family} B07_WMSP1,"['Mn', 'Fe', 'Co']",0.24470674904614864,-0.08771544131876086,0.2692049327640752
135,{Unknown Family} B07_WMSP1,"['Co', 'Mn']",0.33938141332708405,-0.08771544131876086,0.2692049327640752
137,{Unknown Family} B07_WMSP1,"['Zn', 'U']",0.3619671386066353,-0.08771544131876086,0.2692049327640752
138,{Unknown Family} B07_WMSP1,"['Rb', 'Piren']",0.36210998976774356,-0.08771544131876086,0.2692049327640752
139,{Unknown Family} B07_WMSP1,"['Se', 'Mo']",0.3311512569312879,-0.08771544131876086,0.2692049327640752
140,{Unknown Family} B07_WMSP1,"['Cd', 'Cu', 'Pb']",0.36666388696060537,-0.08771544131876086,0.2692049327640752
141,{Unknown Family} B07_WMSP1,"['Fluoren', 'Fluoranten']",0.36340016388598717,-0.08771544131876086,0.2692049327640752
142,{Unknown Family} B07_WMSP1,pH,0.3632504481240534,-0.08771544131876086,0.2692049327640752
143,{Unknown Family} B07_WMSP1,EC,0.35548696913334354,-0.08771544131876086,0.2692049327640752
145,{Unknown Family} B07_WMSP1,ΣPh,0.3638141264293633,-0.08771544131876086,0.2692049327640752
130,{Unknown Family} B07_WMSP1,"['Al', 'Fe']",0.25223450480223464,-0.08771544131876086,0.2692049327640752
146,{Unknown Family} B07_WMSP1,HCHO,0.36425002240634907,-0.08771544131876086,0.2692049327640752
147,{Unknown Family} B07_WMSP1,B,0.36363284350559977,-0.08771544131876086,0.2692049327640752
148,{Unknown Family} B07_WMSP1,Ni,0.36360957126281757,-0.08771544131876086,0.2692049327640752
149,{Unknown Family} B07_WMSP1,Ga,0.41102091559129306,-0.08771544131876086,0.2692049327640752
150,{Unknown Family} B07_WMSP1,Sr,0.36333028161610614,-0.08771544131876086,0.2692049327640752
151,{Unknown Family} B07_WMSP1,Sb,0.3699954700371316,-0.08771544131876086,0.2692049327640752
152,{Unknown Family} B07_WMSP1,Ba,0.36343710868640877,-0.08771544131876086,0.2692049327640752
153,{Unknown Family} B07_WMSP1,Naftalen,0.3644406884607989,-0.08771544131876086,0.2692049327640752
154,{Unknown Family} B07_WMSP1,Acenaftylen,0.36280413473550976,-0.08771544131876086,0.2692049327640752
155,{Unknown Family} B07_WMSP1,Acenaften,0.3638179230269699,-0.08771544131876086,0.2692049327640752
156,{Unknown Family} B07_WMSP1,Fenantren,0.3955560995865951,-0.08771544131876086,0.2692049327640752
131,{Unknown Family} B07_WMSP1,"['V', 'As']",0.2506748552941186,-0.08771544131876086,0.2692049327640752
136,{Unknown Family} B07_WMSP1,"['Cu', 'Cr', 'Cd', 'Pb']",0.29999902905394027,-0.08771544131876086,0.2692049327640752
129,{Unknown Family} B07_WMSP1,"['Li', 'Antracen']",0.22638077487377262,-0.08771544131876086,0.2692049327640752
134,{Unknown Family} B07_WMSP1,"['Fe', 'Al', 'Cr', 'Mn']",0.3620571151478821,-0.08771544131876086,0.2692049327640752
301,Rhodobacteraceae,Acenaftylen,0.2099047124939165,-0.10884460378491556,0.6299450613966615
300,Brucellaceae,Ba,0.21043940953444462,-0.11696697798099409,0.5001061019889064
10,{Unknown Order} BPC102,Sb,0.1996227450465644,-0.12040783101032182,0.426593175822954
12,{Unknown Order} BPC102,Fenantren,0.2159058971185791,-0.12040783101032182,0.426593175822954
11,{Unknown Order} BPC102,Acenaftylen,0.20922239698983902,-0.12040783101032182,0.426593175822954
18,{Unknown Order} RB25,Sb,0.21852430691308855,-0.12044668331081443,0.3901388965581073
16,{Unknown Order} RB25,ΣPh,0.19950376540019454,-0.12044668331081443,0.3901388965581073
15,{Unknown Order} RB25,"['Cd', 'Cu', 'Pb']",0.19071978655952948,-0.12044668331081443,0.3901388965581073
14,{Unknown Order} RB25,"['Se', 'Mo']",0.19589262122882145,-0.12044668331081443,0.3901388965581073
13,{Unknown Order} RB25,"['Fe', 'Al', 'Cr', 'Mn']",0.19275862650357012,-0.12044668331081443,0.3901388965581073
17,{Unknown Order} RB25,HCHO,0.19446086913708271,-0.12044668331081443,0.3901388965581073
21,{Unknown Order} RB25,Fenantren,0.24361308481934707,-0.12044668331081443,0.3901388965581073
20,{Unknown Order} RB25,Acenaftylen,0.21386953539203823,-0.12044668331081443,0.3901388965581073
19,{Unknown Order} RB25,Naftalen,0.2067466555785017,-0.12044668331081443,0.3901388965581073
364,{Unknown Order} [Pedosphaerae],Acenaften,0.25262009216589887,-0.13139816924813585,0.641476972569673
324,{Unknown Family} BPC076,Ba,0.247328624095695,-0.1362268353422329,0.34563693811022256
307,{Unknown Family} BPC076,"['Fe', 'Al', 'Cr', 'Mn']",0.24200065813451888,-0.1362268353422329,0.34563693811022256
326,{Unknown Family} BPC076,Acenaftylen,0.24307991730354694,-0.1362268353422329,0.34563693811022256
327,{Unknown Family} BPC076,Acenaften,0.2769706817736449,-0.1362268353422329,0.34563693811022256
328,{Unknown Family} BPC076,Fenantren,0.2405309782226397,-0.1362268353422329,0.34563693811022256
325,{Unknown Family} BPC076,Naftalen,0.2338844532806017,-0.1362268353422329,0.34563693811022256
310,{Unknown Family} BPC076,"['Rb', 'Piren']",0.23588765812253432,-0.1362268353422329,0.34563693811022256
308,{Unknown Family} BPC076,"['Co', 'Mn']",0.24679080461825242,-0.1362268353422329,0.34563693811022256
309,{Unknown Family} BPC076,"['Zn', 'U']",0.23299646610080282,-0.1362268353422329,0.34563693811022256
323,{Unknown Family} BPC076,Sb,0.23978540145725324,-0.1362268353422329,0.34563693811022256
322,{Unknown Family} BPC076,Sr,0.23551260470667879,-0.1362268353422329,0.34563693811022256
321,{Unknown Family} BPC076,Ga,0.23385591505887804,-0.1362268353422329,0.34563693811022256
320,{Unknown Family} BPC076,Ni,0.23391796754137506,-0.1362268353422329,0.34563693811022256
319,{Unknown Family} BPC076,B,0.24779103312489992,-0.1362268353422329,0.34563693811022256
318,{Unknown Family} BPC076,HCHO,0.2606600265654785,-0.1362268353422329,0.34563693811022256
317,{Unknown Family} BPC076,ΣPh,0.23308139611280365,-0.1362268353422329,0.34563693811022256
316,{Unknown Family} BPC076,TOC,0.2340440384087794,-0.1362268353422329,0.34563693811022256
315,{Unknown Family} BPC076,EC,0.23336579395364587,-0.1362268353422329,0.34563693811022256
314,{Unknown Family} BPC076,pH,0.23173908102023932,-0.1362268353422329,0.34563693811022256
313,{Unknown Family} BPC076,"['Fluoren', 'Fluoranten']",0.23391796754137506,-0.1362268353422329,0.34563693811022256
312,{Unknown Family} BPC076,"['Cd', 'Cu', 'Pb']",0.23432011693008348,-0.1362268353422329,0.34563693811022256
311,{Unknown Family} BPC076,"['Se', 'Mo']",0.23525447581992776,-0.1362268353422329,0.34563693811022256
234,{Unknown Class} OP11,Ba,0.20929589286767825,-0.13940634659249884,0.45021690316454044
362,{Unknown Family} I025,Ba,0.22620046697388618,-0.14437515578274285,0.5727474660229683
365,{Unknown Class} WS6,Acenaftylen,0.19654304830175795,-0.14967185767078806,0.4654253886166173
305,Burkholderiaceae,Acenaftylen,0.21178402741779945,-0.15669463958239027,0.5925864153492177
157,{Unknown Family} YS2,Sb,0.19419618481694467,-0.16374215050984486,0.4574002978840437
86,{Unknown Order} SL56,"['Cr', 'Fe', 'Cu']",0.34244011208096437,-0.16855568937890109,0.38840760831353116
98,{Unknown Order} SL56,TOC,0.33225369476673805,-0.16855568937890109,0.38840760831353116
108,{Unknown Order} SL56,Acenaftylen,0.3793789874325455,-0.16855568937890109,0.38840760831353116
109,{Unknown Order} SL56,Acenaften,0.3144311354258905,-0.16855568937890109,0.38840760831353116
110,{Unknown Order} SL56,Fenantren,0.31428986618562105,-0.16855568937890109,0.38840760831353116
102,{Unknown Order} SL56,Ni,0.3111181647264605,-0.16855568937890109,0.38840760831353116
103,{Unknown Order} SL56,Ga,0.3311709854225139,-0.16855568937890109,0.38840760831353116
107,{Unknown Order} SL56,Naftalen,0.3144093967897067,-0.16855568937890109,0.38840760831353116
106,{Unknown Order} SL56,Ba,0.3143571987455128,-0.16855568937890109,0.38840760831353116
105,{Unknown Order} SL56,Sb,0.322358397040322,-0.16855568937890109,0.38840760831353116
104,{Unknown Order} SL56,Sr,0.31435582732660816,-0.16855568937890109,0.38840760831353116
101,{Unknown Order} SL56,B,0.3143264344325767,-0.16855568937890109,0.38840760831353116
99,{Unknown Order} SL56,ΣPh,0.31446960723496176,-0.16855568937890109,0.38840760831353116
100,{Unknown Order} SL56,HCHO,0.314437937631746,-0.16855568937890109,0.38840760831353116
97,{Unknown Order} SL56,EC,0.3138417387222512,-0.16855568937890109,0.38840760831353116
92,{Unknown Order} SL56,"['Rb', 'Piren']",0.3277311360755567,-0.16855568937890109,0.38840760831353116
87,{Unknown Order} SL56,"['Mn', 'Fe', 'Co']",0.3233001012935829,-0.16855568937890109,0.38840760831353116
88,{Unknown Order} SL56,"['Fe', 'Al', 'Cr', 'Mn']",0.25069185691618323,-0.16855568937890109,0.38840760831353116
89,{Unknown Order} SL56,"['Co', 'Mn']",0.32879081212023975,-0.16855568937890109,0.38840760831353116
96,{Unknown Order} SL56,pH,0.33761370135844215,-0.16855568937890109,0.38840760831353116
91,{Unknown Order} SL56,"['Zn', 'U']",0.34760416159235585,-0.16855568937890109,0.38840760831353116
90,{Unknown Order} SL56,"['Cu', 'Cr', 'Cd', 'Pb']",0.2531792780993143,-0.16855568937890109,0.38840760831353116
93,{Unknown Order} SL56,"['Se', 'Mo']",0.26364992452878433,-0.16855568937890109,0.38840760831353116
94,{Unknown Order} SL56,"['Cd', 'Cu', 'Pb']",0.20866467933341737,-0.16855568937890109,0.38840760831353116
95,{Unknown Order} SL56,"['Fluoren', 'Fluoranten']",0.31435675582676426,-0.16855568937890109,0.38840760831353116
184,Acaryochloridaceae,B,0.19126917612329208,-0.16888626559495434,0.4583934478301439
185,Acaryochloridaceae,Sb,0.19685920419108116,-0.16888626559495434,0.4583934478301439
241,{Unknown Family} K2-4-19,TOC,0.2011553106838062,-0.170776464364359,0.42645250510086263
235,{Unknown Family} K2-4-19,"['Cu', 'Cr', 'Cd', 'Pb']",0.20426040127283107,-0.170776464364359,0.42645250510086263
236,{Unknown Family} K2-4-19,"['Zn', 'U']",0.20534441004343928,-0.170776464364359,0.42645250510086263
237,{Unknown Family} K2-4-19,"['Rb', 'Piren']",0.20041017127407967,-0.170776464364359,0.42645250510086263
238,{Unknown Family} K2-4-19,"['Se', 'Mo']",0.2042944686823096,-0.170776464364359,0.42645250510086263
239,{Unknown Family} K2-4-19,"['Fluoren', 'Fluoranten']",0.201456979336592,-0.170776464364359,0.42645250510086263
240,{Unknown Family} K2-4-19,pH,0.20163969201015597,-0.170776464364359,0.42645250510086263
248,{Unknown Family} K2-4-19,Sb,0.2213390677136845,-0.170776464364359,0.42645250510086263
242,{Unknown Family} K2-4-19,ΣPh,0.20383200796746448,-0.170776464364359,0.42645250510086263
243,{Unknown Family} K2-4-19,HCHO,0.2014569793365919,-0.170776464364359,0.42645250510086263
244,{Unknown Family} K2-4-19,B,0.201456979336592,-0.170776464364359,0.42645250510086263
245,{Unknown Family} K2-4-19,Ni,0.2087133824856079,-0.170776464364359,0.42645250510086263
246,{Unknown Family} K2-4-19,Ga,0.2042803737286606,-0.170776464364359,0.42645250510086263
247,{Unknown Family} K2-4-19,Sr,0.2083858372819667,-0.170776464364359,0.42645250510086263
249,{Unknown Family} K2-4-19,Ba,0.3000688244912202,-0.170776464364359,0.42645250510086263
250,{Unknown Family} K2-4-19,Naftalen,0.21286182571110634,-0.170776464364359,0.42645250510086263
251,{Unknown Family} K2-4-19,Acenaftylen,0.2339280462531158,-0.170776464364359,0.42645250510086263
252,{Unknown Family} K2-4-19,Acenaften,0.201456979336592,-0.170776464364359,0.42645250510086263
253,{Unknown Family} K2-4-19,Fenantren,0.2142422007464967,-0.170776464364359,0.42645250510086263
339,Campylobacteraceae,"['Co', 'Mn']",0.22492927044595645,-0.17226755981612651,0.3648189472075247
337,Campylobacteraceae,"['Cr', 'Fe', 'Cu']",0.2285682334089194,-0.17226755981612651,0.3648189472075247
338,Campylobacteraceae,"['Fe', 'Al', 'Cr', 'Mn']",0.21403369372637981,-0.17226755981612651,0.3648189472075247
341,Campylobacteraceae,"['Zn', 'U']",0.19497048949357554,-0.17226755981612651,0.3648189472075247
340,Campylobacteraceae,"['Cu', 'Cr', 'Cd', 'Pb']",0.19745328314436927,-0.17226755981612651,0.3648189472075247
343,Campylobacteraceae,"['Se', 'Mo']",0.19467106092214692,-0.17226755981612651,0.3648189472075247
345,Campylobacteraceae,"['Fluoren', 'Fluoranten']",0.22678292970521585,-0.17226755981612651,0.3648189472075247
346,Campylobacteraceae,pH,0.21605818896447504,-0.17226755981612651,0.3648189472075247
347,Campylobacteraceae,EC,0.22678292970521585,-0.17226755981612651,0.3648189472075247
348,Campylobacteraceae,ΣPh,0.22678292970521585,-0.17226755981612651,0.3648189472075247
349,Campylobacteraceae,HCHO,0.3307011519274381,-0.17226755981612651,0.3648189472075247
350,Campylobacteraceae,B,0.22678292970521585,-0.17226755981612651,0.3648189472075247
351,Campylobacteraceae,Ni,0.24686007961703238,-0.17226755981612651,0.3648189472075247
352,Campylobacteraceae,Ga,0.23140931821617572,-0.17226755981612651,0.3648189472075247
353,Campylobacteraceae,Sr,0.22678292970521585,-0.17226755981612651,0.3648189472075247
354,Campylobacteraceae,Sb,0.22678292970521585,-0.17226755981612651,0.3648189472075247
355,Campylobacteraceae,Ba,0.24770398790627401,-0.17226755981612651,0.3648189472075247
356,Campylobacteraceae,Naftalen,0.23561266092214705,-0.17226755981612651,0.3648189472075247
357,Campylobacteraceae,Acenaftylen,0.24005375862937783,-0.17226755981612651,0.3648189472075247
358,Campylobacteraceae,Acenaften,0.2289804577475436,-0.17226755981612651,0.3648189472075247
359,Campylobacteraceae,Fenantren,0.22678292970521585,-0.17226755981612651,0.3648189472075247
344,Campylobacteraceae,"['Cd', 'Cu', 'Pb']",0.21658601965230573,-0.17226755981612651,0.3648189472075247
342,Campylobacteraceae,"['Rb', 'Piren']",0.1969104260015121,-0.17226755981612651,0.3648189472075247
360,Enterobacteriaceae,Sb,0.2060356017509467,-0.1751100037100457,0.4570735263751282
206,{Unknown Family} Clostridiales,"['Zn', 'U']",0.24279497995760924,-0.17607218530013946,0.4827548641082312
211,{Unknown Family} Clostridiales,Ni,0.20078255389460853,-0.17607218530013946,0.4827548641082312
217,{Unknown Family} Clostridiales,Fenantren,0.23609517959071968,-0.17607218530013946,0.4827548641082312
205,{Unknown Family} Clostridiales,"['Cu', 'Cr', 'Cd', 'Pb']",0.24395974945637178,-0.17607218530013946,0.4827548641082312
215,{Unknown Family} Clostridiales,Naftalen,0.214122481104153,-0.17607218530013946,0.4827548641082312
214,{Unknown Family} Clostridiales,Ba,0.2032157116264558,-0.17607218530013946,0.4827548641082312
213,{Unknown Family} Clostridiales,Sb,0.19110562533676767,-0.17607218530013946,0.4827548641082312
212,{Unknown Family} Clostridiales,Sr,0.19011670420215188,-0.17607218530013946,0.4827548641082312
216,{Unknown Family} Clostridiales,Acenaften,0.1991637383097591,-0.17607218530013946,0.4827548641082312
210,{Unknown Family} Clostridiales,B,0.19688783353691475,-0.17607218530013946,0.4827548641082312
209,{Unknown Family} Clostridiales,pH,0.23014239135667225,-0.17607218530013946,0.4827548641082312
208,{Unknown Family} Clostridiales,"['Se', 'Mo']",0.23154637995421712,-0.17607218530013946,0.4827548641082312
207,{Unknown Family} Clostridiales,"['Rb', 'Piren']",0.2280696372722194,-0.17607218530013946,0.4827548641082312
204,{Unknown Family} Clostridiales,"['Co', 'Mn']",0.25867274944383356,-0.17607218530013946,0.4827548641082312
203,{Unknown Family} Clostridiales,"['Fe', 'Al', 'Cr', 'Mn']",0.23655828003303014,-0.17607218530013946,0.4827548641082312
23,Intrasporangiaceae,Fenantren,0.2145511022939779,-0.1763194432569477,0.4410554938879586
303,Acetobacteraceae,Sb,0.21942425872618543,-0.18342297229203708,0.44461575367043593
302,Acetobacteraceae,B,0.32308105117956554,-0.18342297229203708,0.44461575367043593
304,{Unknown Family} Burkholderiales,Acenaftylen,0.19312444901853643,-0.1893801652083058,0.3218356301566414
8,Ellin6075,Acenaften,0.21243680776081075,-0.1916196615215875,0.396813373601383
9,Ellin6075,Fenantren,0.23582004109236043,-0.1916196615215875,0.396813373601383
6,Ellin6075,EC,0.2063777060548765,-0.1916196615215875,0.396813373601383
5,Ellin6075,pH,0.1946908877769863,-0.1916196615215875,0.396813373601383
4,Ellin6075,"['Cd', 'Cu', 'Pb']",0.19539459378658297,-0.1916196615215875,0.396813373601383
3,Ellin6075,"['Se', 'Mo']",0.19408668347749536,-0.1916196615215875,0.396813373601383
2,Ellin6075,"['Rb', 'Piren']",0.23260479158894543,-0.1916196615215875,0.396813373601383
7,Ellin6075,Ga,0.2050731528481563,-0.1916196615215875,0.396813373601383
0,Ellin6075,"['Fe', 'Al', 'Cr', 'Mn']",0.1935105230570877,-0.1916196615215875,0.396813373601383
1,Ellin6075,"['Zn', 'U']",0.19439295122541844,-0.1916196615215875,0.396813373601383
363,{Unknown Family} Methylacidiphilales,Acenaften,0.19208233486943183,-0.19227335450058858,0.6163436860507643
173,Chlamydomonadaceae,Ga,0.20926141720597524,-0.19274764301237668,0.42273341908302053
169,Chlamydomonadaceae,ΣPh,0.21907349050336067,-0.19274764301237668,0.42273341908302053
177,Chlamydomonadaceae,Naftalen,0.2085128187641686,-0.19274764301237668,0.42273341908302053
178,Chlamydomonadaceae,Acenaftylen,0.22160265599496165,-0.19274764301237668,0.42273341908302053
179,Chlamydomonadaceae,Acenaften,0.20237164061942925,-0.19274764301237668,0.42273341908302053
180,Chlamydomonadaceae,Fenantren,0.20981735779291344,-0.19274764301237668,0.42273341908302053
172,Chlamydomonadaceae,Ni,0.21218461864773563,-0.19274764301237668,0.42273341908302053
174,Chlamydomonadaceae,Sr,0.22345060548080387,-0.19274764301237668,0.42273341908302053
171,Chlamydomonadaceae,B,0.20097127756144506,-0.19274764301237668,0.42273341908302053
170,Chlamydomonadaceae,HCHO,0.20511002890594765,-0.19274764301237668,0.42273341908302053
168,Chlamydomonadaceae,TOC,0.20034677182568295,-0.19274764301237668,0.42273341908302053
167,Chlamydomonadaceae,EC,0.20574952106340472,-0.19274764301237668,0.42273341908302053
166,Chlamydomonadaceae,pH,0.20119631517394476,-0.19274764301237668,0.42273341908302053
165,Chlamydomonadaceae,"['Fluoren', 'Fluoranten']",0.2023459314801792,-0.19274764301237668,0.42273341908302053
164,Chlamydomonadaceae,"['Cd', 'Cu', 'Pb']",0.21042135497475023,-0.19274764301237668,0.42273341908302053
163,Chlamydomonadaceae,"['Se', 'Mo']",0.19772866124814548,-0.19274764301237668,0.42273341908302053
162,Chlamydomonadaceae,"['Rb', 'Piren']",0.19400715462493356,-0.19274764301237668,0.42273341908302053
161,Chlamydomonadaceae,"['Zn', 'U']",0.21067530857051664,-0.19274764301237668,0.42273341908302053
160,Chlamydomonadaceae,"['Cu', 'Cr', 'Cd', 'Pb']",0.22127660542150096,-0.19274764301237668,0.42273341908302053
159,Chlamydomonadaceae,"['Co', 'Mn']",0.22169421265714273,-0.19274764301237668,0.42273341908302053
176,Chlamydomonadaceae,Ba,0.2880981039658562,-0.19274764301237668,0.42273341908302053
158,Chlamydomonadaceae,"['Fe', 'Al', 'Cr', 'Mn']",0.22570866756574015,-0.19274764301237668,0.42273341908302053
175,Chlamydomonadaceae,Sb,0.2088638033345207,-0.19274764301237668,0.42273341908302053
285,Caulobacteraceae,TOC,0.2048492955299317,-0.19329132532872184,0.45247253672631316
296,Caulobacteraceae,Acenaften,0.23294605160973392,-0.19329132532872184,0.45247253672631316
276,Caulobacteraceae,"['Fe', 'Al', 'Cr', 'Mn']",0.22354838117680598,-0.19329132532872184,0.45247253672631316
277,Caulobacteraceae,"['Cu', 'Cr', 'Cd', 'Pb']",0.21116539905703746,-0.19329132532872184,0.45247253672631316
278,Caulobacteraceae,"['Zn', 'U']",0.22017970585633329,-0.19329132532872184,0.45247253672631316
279,Caulobacteraceae,"['Rb', 'Piren']",0.20078307450380162,-0.19329132532872184,0.45247253672631316
280,Caulobacteraceae,"['Se', 'Mo']",0.2035588992288232,-0.19329132532872184,0.45247253672631316
281,Caulobacteraceae,"['Cd', 'Cu', 'Pb']",0.21524223187921576,-0.19329132532872184,0.45247253672631316
282,Caulobacteraceae,"['Fluoren', 'Fluoranten']",0.20765477219258277,-0.19329132532872184,0.45247253672631316
283,Caulobacteraceae,pH,0.22070863560735832,-0.19329132532872184,0.45247253672631316
284,Caulobacteraceae,EC,0.20173840014238809,-0.19329132532872184,0.45247253672631316
297,Caulobacteraceae,Fenantren,0.2694940025525877,-0.19329132532872184,0.45247253672631316
286,Caulobacteraceae,ΣPh,0.21225905547980184,-0.19329132532872184,0.45247253672631316
287,Caulobacteraceae,HCHO,0.2076767439415269,-0.19329132532872184,0.45247253672631316
288,Caulobacteraceae,B,0.20874153311180843,-0.19329132532872184,0.45247253672631316
289,Caulobacteraceae,Ni,0.21004969019156194,-0.19329132532872184,0.45247253672631316
290,Caulobacteraceae,Ga,0.2070081522138526,-0.19329132532872184,0.45247253672631316
291,Caulobacteraceae,Sr,0.2090523876657946,-0.19329132532872184,0.45247253672631316
292,Caulobacteraceae,Sb,0.20753731228698824,-0.19329132532872184,0.45247253672631316
293,Caulobacteraceae,Ba,0.20759899219955502,-0.19329132532872184,0.45247253672631316
294,Caulobacteraceae,Naftalen,0.21691607889584652,-0.19329132532872184,0.45247253672631316
295,Caulobacteraceae,Acenaftylen,0.2729791904311516,-0.19329132532872184,0.45247253672631316
24,Micrococcaceae,Ga,0.20682194809038124,-0.20813624098137495,0.47357824152659156
26,Micrococcaceae,Fenantren,0.19566688952168076,-0.20813624098137495,0.47357824152659156
25,Micrococcaceae,Acenaftylen,0.2613096452702879,-0.20813624098137495,0.47357824152659156
74,Thermogemmatisporaceae,ΣPh,0.20172643867744866,-0.21181064758133528,0.47327468566939646
66,Thermogemmatisporaceae,"['Zn', 'U']",0.20386662024655244,-0.21181064758133528,0.47327468566939646
67,Thermogemmatisporaceae,"['Rb', 'Piren']",0.197381792296199,-0.21181064758133528,0.47327468566939646
68,Thermogemmatisporaceae,"['Se', 'Mo']",0.19908343885711943,-0.21181064758133528,0.47327468566939646
69,Thermogemmatisporaceae,"['Cd', 'Cu', 'Pb']",0.19581930009280113,-0.21181064758133528,0.47327468566939646
70,Thermogemmatisporaceae,"['Fluoren', 'Fluoranten']",0.1981923431082947,-0.21181064758133528,0.47327468566939646
71,Thermogemmatisporaceae,pH,0.19815275623616202,-0.21181064758133528,0.47327468566939646
72,Thermogemmatisporaceae,EC,0.19484612513132382,-0.21181064758133528,0.47327468566939646
73,Thermogemmatisporaceae,TOC,0.1979570792061599,-0.21181064758133528,0.47327468566939646
65,Thermogemmatisporaceae,"['Fe', 'Al', 'Cr', 'Mn']",0.19492869535377155,-0.21181064758133528,0.47327468566939646
81,Thermogemmatisporaceae,Ba,0.20983359844496163,-0.21181064758133528,0.47327468566939646
76,Thermogemmatisporaceae,B,0.19743733172051148,-0.21181064758133528,0.47327468566939646
85,Thermogemmatisporaceae,Fenantren,0.2625035160811725,-0.21181064758133528,0.47327468566939646
84,Thermogemmatisporaceae,Acenaften,0.2391623488475968,-0.21181064758133528,0.47327468566939646
83,Thermogemmatisporaceae,Acenaftylen,0.25050389244619276,-0.21181064758133528,0.47327468566939646
77,Thermogemmatisporaceae,Ni,0.1981955094289396,-0.21181064758133528,0.47327468566939646
78,Thermogemmatisporaceae,Ga,0.1984331674791271,-0.21181064758133528,0.47327468566939646
79,Thermogemmatisporaceae,Sr,0.20103958256167154,-0.21181064758133528,0.47327468566939646
80,Thermogemmatisporaceae,Sb,0.19850494479775926,-0.21181064758133528,0.47327468566939646
75,Thermogemmatisporaceae,HCHO,0.1989691667017628,-0.21181064758133528,0.47327468566939646
82,Thermogemmatisporaceae,Naftalen,0.19805870688432448,-0.21181064758133528,0.47327468566939646
22,{Unknown Family} Acidimicrobiales,Acenaftylen,0.20840687001438696,-0.21394163929777332,0.5668268190264334
306,Methylophilaceae,B,0.2168229863208333,-0.2593543784225283,0.4744780582992768
334,Syntrophobacteraceae,Ba,0.21195697783890988,-0.2843299737466709,0.4451803053558585
329,Syntrophobacteraceae,"['Fe', 'Al', 'Cr', 'Mn']",0.19576449824414277,-0.2843299737466709,0.4451803053558585
330,Syntrophobacteraceae,"['Cu', 'Cr', 'Cd', 'Pb']",0.19710940036035796,-0.2843299737466709,0.4451803053558585
332,Syntrophobacteraceae,"['Rb', 'Piren']",0.1942560763017006,-0.2843299737466709,0.4451803053558585
333,Syntrophobacteraceae,"['Se', 'Mo']",0.1960017988260897,-0.2843299737466709,0.4451803053558585
331,Syntrophobacteraceae,"['Zn', 'U']",0.19244404606033694,-0.2843299737466709,0.4451803053558585
335,Syntrophobacteraceae,Naftalen,0.2249460373776616,-0.2843299737466709,0.4451803053558585
336,Syntrophobacteraceae,Fenantren,0.23259775558537987,-0.2843299737466709,0.4451803053558585
226,Lentisphaeraceae,"['Rb', 'Piren']",0.21154571414635392,-0.28476761649008897,0.3343250127685029
222,Lentisphaeraceae,"['Cr', 'Fe', 'Cu']",0.2203339282898784,-0.28476761649008897,0.3343250127685029
225,Lentisphaeraceae,"['Zn', 'U']",0.19765682683294405,-0.28476761649008897,0.3343250127685029
224,Lentisphaeraceae,"['Co', 'Mn']",0.1957901656651735,-0.28476761649008897,0.3343250127685029
223,Lentisphaeraceae,"['Mn', 'Fe', 'Co']",0.19115637541815766,-0.28476761649008897,0.3343250127685029
227,Lentisphaeraceae,"['Se', 'Mo']",0.22065756177501683,-0.28476761649008897,0.3343250127685029
228,Lentisphaeraceae,TOC,0.21220050605154583,-0.28476761649008897,0.3343250127685029
229,Lentisphaeraceae,B,0.20181952459725905,-0.28476761649008897,0.3343250127685029
230,Lentisphaeraceae,Sb,0.200543707652028,-0.28476761649008897,0.3343250127685029
231,Lentisphaeraceae,Acenaften,0.22386917397201178,-0.28476761649008897,0.3343250127685029
232,Lentisphaeraceae,Fenantren,0.19532393743725884,-0.28476761649008897,0.3343250127685029
275,{Unknown Family} p04_C01,Ni,0.191933551823129,-0.3887031406282777,0.49693185563933884
