,Bacteria,Chemicals,Importance_xgboost,CV_xgboost,R_squared_xgboost
0,4,"['Fe', 'Al', 'Cr', 'Mn']",1.7891645842945403,-32641.813713199837,-0.74647200403468
1,4,"['Co', 'Mn']",2.238552537545265,-32641.813713199837,-0.74647200403468
2,4,"['Cu', 'Cr', 'Cd', 'Pb']",1.7627236021420654,-32641.813713199837,-0.74647200403468
3,4,"['Zn', 'U']",2.1812381916121457,-32641.813713199837,-0.74647200403468
4,4,"['Rb', 'Piren']",2.1822909831445316,-32641.813713199837,-0.74647200403468
5,4,"['Se', 'Mo']",1.7318268467240845,-32641.813713199837,-0.74647200403468
6,4,"['Cd', 'Cu', 'Pb']",2.1828692713648583,-32641.813713199837,-0.74647200403468
7,4,"['Fluoren', 'EC', 'Fluoranten']",2.195616958248643,-32641.813713199837,-0.74647200403468
8,4,"['Fluoranten', 'Fluoren']",1.7464720040335848,-32641.813713199837,-0.74647200403468
9,4,pH,1.7548522098409762,-32641.813713199837,-0.74647200403468
10,4,TOC,1.7468859213139272,-32641.813713199837,-0.74647200403468
11,4,ΣPh,1.3313575527082295,-32641.813713199837,-0.74647200403468
12,4,HCHO,1.7464731837688774,-32641.813713199837,-0.74647200403468
13,4,B,1.7464732224861788,-32641.813713199837,-0.74647200403468
14,4,Ni,1.9318617714033324,-32641.813713199837,-0.74647200403468
15,4,Ga,1.7464708986537816,-32641.813713199837,-0.74647200403468
16,4,Sr,1.7464710365796967,-32641.813713199837,-0.74647200403468
17,4,Sb,1.7465208936862426,-32641.813713199837,-0.74647200403468
18,4,Ba,1.7446306405275358,-32641.813713199837,-0.74647200403468
19,4,Naftalen,1.7464739183609974,-32641.813713199837,-0.74647200403468
20,4,Acenaftylen,1.7474459955358665,-32641.813713199837,-0.74647200403468
21,4,Acenaften,1.7467175156241677,-32641.813713199837,-0.74647200403468
22,4,Fenantren,1.7464067487316997,-32641.813713199837,-0.74647200403468
23,8,Fenantren,1.0205466306361717,-631.6872750716143,0.865361647352406
24,10,HCHO,1.0919490655637845,-3360.9944429418415,0.17495896271461664
25,15,"['Li', 'Antracen']",2.061428569941696,-8149163.281250398,-1.0618771210248492
26,15,"['Al', 'Fe']",2.06254320986857,-8149163.281250398,-1.0618771210248492
27,15,"['V', 'As']",2.0609318234046667,-8149163.281250398,-1.0618771210248492
28,15,"['Cr', 'Fe', 'Cu']",2.0608083513512865,-8149163.281250398,-1.0618771210248492
29,15,"['Mn', 'Fe', 'Co']",2.0636492350388536,-8149163.281250398,-1.0618771210248492
30,15,"['Fe', 'Al', 'Cr', 'Mn']",2.0624812807962267,-8149163.281250398,-1.0618771210248492
31,15,"['Co', 'Mn']",2.0623155894008014,-8149163.281250398,-1.0618771210248492
32,15,"['Cu', 'Cr', 'Cd', 'Pb']",2.0620478153002337,-8149163.281250398,-1.0618771210248492
33,15,"['Zn', 'U']",2.0623095564921696,-8149163.281250398,-1.0618771210248492
34,15,"['Rb', 'Piren']",2.062286603241543,-8149163.281250398,-1.0618771210248492
35,15,"['Se', 'Mo']",2.0620315143907235,-8149163.281250398,-1.0618771210248492
36,15,"['Cd', 'Cu', 'Pb']",2.0623165083436277,-8149163.281250398,-1.0618771210248492
37,15,"['Fluoren', 'EC', 'Fluoranten']",2.0637467732767387,-8149163.281250398,-1.0618771210248492
38,15,"['Fluoranten', 'Fluoren']",2.0618771210207534,-8149163.281250398,-1.0618771210248492
39,15,pH,2.0636606430558717,-8149163.281250398,-1.0618771210248492
40,15,TOC,2.0619408963703645,-8149163.281250398,-1.0618771210248492
41,15,ΣPh,2.0619723789623756,-8149163.281250398,-1.0618771210248492
42,15,HCHO,2.0618812032375153,-8149163.281250398,-1.0618771210248492
43,15,B,2.0621866237015163,-8149163.281250398,-1.0618771210248492
44,15,Ni,2.0619137434694483,-8149163.281250398,-1.0618771210248492
45,15,Ga,2.061881185406454,-8149163.281250398,-1.0618771210248492
46,15,Sr,2.0618817014149258,-8149163.281250398,-1.0618771210248492
47,15,Sb,2.0618771284942654,-8149163.281250398,-1.0618771210248492
48,15,Ba,2.0619146038227605,-8149163.281250398,-1.0618771210248492
49,15,Naftalen,2.061876809031763,-8149163.281250398,-1.0618771210248492
50,15,Acenaftylen,2.0618763514637215,-8149163.281250398,-1.0618771210248492
51,15,Acenaften,2.061860792677161,-8149163.281250398,-1.0618771210248492
52,15,Fenantren,2.0619233732266777,-8149163.281250398,-1.0618771210248492
53,16,"['Fe', 'Al', 'Cr', 'Mn']",1.445535901128514,-11.342327364933634,-0.43898397566588065
54,16,"['Co', 'Mn']",1.4786414280749196,-11.342327364933634,-0.43898397566588065
55,16,"['Cu', 'Cr', 'Cd', 'Pb']",1.4280737231764373,-11.342327364933634,-0.43898397566588065
56,16,"['Zn', 'U']",1.5359640040224747,-11.342327364933634,-0.43898397566588065
57,16,"['Rb', 'Piren']",1.5334840673033678,-11.342327364933634,-0.43898397566588065
58,16,"['Se', 'Mo']",1.435338979234309,-11.342327364933634,-0.43898397566588065
59,16,"['Cd', 'Cu', 'Pb']",1.4599065612825943,-11.342327364933634,-0.43898397566588065
60,16,"['Fluoren', 'EC', 'Fluoranten']",1.5325847923974023,-11.342327364933634,-0.43898397566588065
61,16,"['Fluoranten', 'Fluoren']",1.4389839749691808,-11.342327364933634,-0.43898397566588065
62,16,pH,1.4287519962619788,-11.342327364933634,-0.43898397566588065
63,16,TOC,1.438978664179745,-11.342327364933634,-0.43898397566588065
64,16,ΣPh,1.4660720174365163,-11.342327364933634,-0.43898397566588065
65,16,HCHO,1.451031867429295,-11.342327364933634,-0.43898397566588065
66,16,B,1.4467533156966872,-11.342327364933634,-0.43898397566588065
67,16,Ni,1.434863268107597,-11.342327364933634,-0.43898397566588065
68,16,Ga,1.4389931363056858,-11.342327364933634,-0.43898397566588065
69,16,Sr,1.4409503546803695,-11.342327364933634,-0.43898397566588065
70,16,Sb,1.4393012801772609,-11.342327364933634,-0.43898397566588065
71,16,Ba,1.441708613589301,-11.342327364933634,-0.43898397566588065
72,16,Naftalen,1.4474286222183501,-11.342327364933634,-0.43898397566588065
73,16,Acenaftylen,1.4772093304624137,-11.342327364933634,-0.43898397566588065
74,16,Acenaften,1.4375438883339937,-11.342327364933634,-0.43898397566588065
75,16,Fenantren,1.460585111737529,-11.342327364933634,-0.43898397566588065
76,17,"['Cr', 'Fe', 'Cu']",1.056664822653293,-3.100120877968416,-0.11313051535770757
77,17,"['Fe', 'Al', 'Cr', 'Mn']",1.157847051342272,-3.100120877968416,-0.11313051535770757
78,17,"['Co', 'Mn']",1.1579231401473873,-3.100120877968416,-0.11313051535770757
79,17,"['Cu', 'Cr', 'Cd', 'Pb']",1.1600761069058638,-3.100120877968416,-0.11313051535770757
80,17,"['Zn', 'U']",1.1556115506497413,-3.100120877968416,-0.11313051535770757
81,17,"['Rb', 'Piren']",1.156424308107356,-3.100120877968416,-0.11313051535770757
82,17,"['Se', 'Mo']",1.1561850264610452,-3.100120877968416,-0.11313051535770757
83,17,"['Cd', 'Cu', 'Pb']",1.0617691443637889,-3.100120877968416,-0.11313051535770757
84,17,"['Fluoren', 'EC', 'Fluoranten']",1.1183704252262197,-3.100120877968416,-0.11313051535770757
85,17,"['Fluoranten', 'Fluoren']",1.113130514623272,-3.100120877968416,-0.11313051535770757
86,17,pH,1.1129790897872542,-3.100120877968416,-0.11313051535770757
87,17,TOC,1.1585782909373425,-3.100120877968416,-0.11313051535770757
88,17,ΣPh,1.112816725838384,-3.100120877968416,-0.11313051535770757
89,17,HCHO,1.113409736224762,-3.100120877968416,-0.11313051535770757
90,17,B,1.1139071889883132,-3.100120877968416,-0.11313051535770757
91,17,Ni,1.1289885100359727,-3.100120877968416,-0.11313051535770757
92,17,Ga,1.2767350528634651,-3.100120877968416,-0.11313051535770757
93,17,Sr,1.1144170323425273,-3.100120877968416,-0.11313051535770757
94,17,Sb,1.1145306114133748,-3.100120877968416,-0.11313051535770757
95,17,Ba,1.1232420696521563,-3.100120877968416,-0.11313051535770757
96,17,Naftalen,1.1140726080924392,-3.100120877968416,-0.11313051535770757
97,17,Acenaftylen,1.0906709318639236,-3.100120877968416,-0.11313051535770757
98,17,Acenaften,1.1133539898162241,-3.100120877968416,-0.11313051535770757
99,17,Fenantren,1.092809478727668,-3.100120877968416,-0.11313051535770757
100,25,Sb,1.2004315344441943,-177.3936936482448,0.9792201525665256
101,28,HCHO,1.0005995379312749,-236.35978936381426,0.10350838129654871
102,28,Fenantren,1.51695682334564,-236.35978936381426,0.10350838129654871
103,31,"['Li', 'Antracen']",1.0175973789651296,-43548.55082326162,0.2863256049623919
104,31,"['Cr', 'Fe', 'Cu']",1.219876535794039,-43548.55082326162,0.2863256049623919
105,31,"['Co', 'Mn']",1.165097949977752,-43548.55082326162,0.2863256049623919
106,31,"['Rb', 'Piren']",1.1662936597953286,-43548.55082326162,0.2863256049623919
107,31,pH,1.2193536431865244,-43548.55082326162,0.2863256049623919
108,33,"['Cr', 'Fe', 'Cu']",1.9126713885380666,-3551.93585399483,-0.9425450695220616
109,33,"['Mn', 'Fe', 'Co']",1.9117390071193117,-3551.93585399483,-0.9425450695220616
110,33,"['Fluoranten', 'Fluoren']",1.9425450695119784,-3551.93585399483,-0.9425450695220616
111,33,TOC,1.9414315871962002,-3551.93585399483,-0.9425450695220616
112,33,ΣPh,1.940232111283851,-3551.93585399483,-0.9425450695220616
113,33,HCHO,1.9525816975179784,-3551.93585399483,-0.9425450695220616
114,33,B,1.9428370220207785,-3551.93585399483,-0.9425450695220616
115,33,Ni,1.944140860688277,-3551.93585399483,-0.9425450695220616
116,33,Ga,1.9423783370575665,-3551.93585399483,-0.9425450695220616
117,33,Sr,1.9422400536987205,-3551.93585399483,-0.9425450695220616
118,33,Sb,1.941689602036298,-3551.93585399483,-0.9425450695220616
119,33,Ba,1.9425450727215998,-3551.93585399483,-0.9425450695220616
120,33,Naftalen,1.947365079695571,-3551.93585399483,-0.9425450695220616
121,33,Acenaftylen,1.9439310566462713,-3551.93585399483,-0.9425450695220616
122,33,Acenaften,1.9427070884880755,-3551.93585399483,-0.9425450695220616
123,33,Fenantren,1.9425505027194618,-3551.93585399483,-0.9425450695220616
124,34,"['Li', 'Antracen']",1.1327304636836408,-7.522655208800006,0.4231291347785595
125,40,"['EC', 'Fluoren']",1.087866425176573,-14.743669192266562,0.11464003761432873
126,40,"['Cr', 'Fe', 'Cu']",1.1292028985295441,-14.743669192266562,0.11464003761432873
127,40,"['Mn', 'Fe', 'Co']",1.0465403364189054,-14.743669192266562,0.11464003761432873
128,40,"['Co', 'Mn']",1.1730610151830891,-14.743669192266562,0.11464003761432873
129,40,"['Cu', 'Cr', 'Cd', 'Pb']",1.2101695884937538,-14.743669192266562,0.11464003761432873
130,40,"['Zn', 'U']",1.2202870837469524,-14.743669192266562,0.11464003761432873
131,40,"['Rb', 'Piren']",1.097087413354552,-14.743669192266562,0.11464003761432873
132,40,"['Cd', 'Cu', 'Pb']",1.0083752876575796,-14.743669192266562,0.11464003761432873
133,40,"['Fluoren', 'EC', 'Fluoranten']",1.2216947903230335,-14.743669192266562,0.11464003761432873
134,40,Acenaften,1.0767115437100971,-14.743669192266562,0.11464003761432873
135,66,"['Co', 'Mn']",1.2682820780036579,-404.0217174894846,0.056493393092926225
136,66,pH,1.2822630625788758,-404.0217174894846,0.056493393092926225
137,66,Sb,1.0387371634664189,-404.0217174894846,0.056493393092926225
138,71,HCHO,1.0599278669537853,-179941.1636771487,0.13185619300114781
139,85,B,1.039748776722586,-30.881800797741626,0.7528645032022974
140,90,"['Cu', 'Cr', 'Cd', 'Pb']",1.0839311889889922,-37.320885293284185,-0.05199012070862907
141,90,"['Zn', 'U']",1.1276467933599497,-37.320885293284185,-0.05199012070862907
142,90,"['Rb', 'Piren']",1.1076403024628823,-37.320885293284185,-0.05199012070862907
143,90,"['Se', 'Mo']",1.1365647832782684,-37.320885293284185,-0.05199012070862907
144,90,"['Fluoren', 'EC', 'Fluoranten']",1.064565867500423,-37.320885293284185,-0.05199012070862907
145,90,"['Fluoranten', 'Fluoren']",1.0519901202730337,-37.320885293284185,-0.05199012070862907
146,90,pH,1.0525493903577683,-37.320885293284185,-0.05199012070862907
147,90,ΣPh,1.03615791903453,-37.320885293284185,-0.05199012070862907
148,90,B,1.0549023587510664,-37.320885293284185,-0.05199012070862907
149,90,Ni,1.0560713310329337,-37.320885293284185,-0.05199012070862907
150,90,Ga,1.0519692212365084,-37.320885293284185,-0.05199012070862907
151,90,Sr,1.0602559041500883,-37.320885293284185,-0.05199012070862907
152,90,Sb,1.0536926282978674,-37.320885293284185,-0.05199012070862907
153,90,Ba,1.0519852093214865,-37.320885293284185,-0.05199012070862907
154,90,Naftalen,1.0984846430263038,-37.320885293284185,-0.05199012070862907
155,90,Acenaftylen,1.0542144278701753,-37.320885293284185,-0.05199012070862907
156,90,Acenaften,1.052006084746894,-37.320885293284185,-0.05199012070862907
157,90,Fenantren,1.0537173548503902,-37.320885293284185,-0.05199012070862907
158,91,"['Cr', 'Fe', 'Cu']",1.7173400841967181,-750.0039864581579,-0.7375172955584752
159,91,"['Mn', 'Fe', 'Co']",1.7744254800556805,-750.0039864581579,-0.7375172955584752
160,91,"['Fe', 'Al', 'Cr', 'Mn']",1.7503404224910926,-750.0039864581579,-0.7375172955584752
161,91,"['Co', 'Mn']",1.7480194643132334,-750.0039864581579,-0.7375172955584752
162,91,"['Cu', 'Cr', 'Cd', 'Pb']",1.747737647402655,-750.0039864581579,-0.7375172955584752
163,91,"['Zn', 'U']",1.7478176056729011,-750.0039864581579,-0.7375172955584752
164,91,"['Rb', 'Piren']",1.7454750621314894,-750.0039864581579,-0.7375172955584752
165,91,"['Se', 'Mo']",1.748394945699907,-750.0039864581579,-0.7375172955584752
166,91,"['Cd', 'Cu', 'Pb']",1.806551496182779,-750.0039864581579,-0.7375172955584752
167,91,"['Fluoren', 'EC', 'Fluoranten']",1.738497783440026,-750.0039864581579,-0.7375172955584752
168,91,"['Fluoranten', 'Fluoren']",1.737517295221846,-750.0039864581579,-0.7375172955584752
169,91,pH,1.735009343855756,-750.0039864581579,-0.7375172955584752
170,91,TOC,1.7354793192841667,-750.0039864581579,-0.7375172955584752
171,91,ΣPh,1.746841096104129,-750.0039864581579,-0.7375172955584752
172,91,HCHO,1.7383691993116777,-750.0039864581579,-0.7375172955584752
173,91,B,1.738357309825954,-750.0039864581579,-0.7375172955584752
174,91,Ni,1.737513226459041,-750.0039864581579,-0.7375172955584752
175,91,Ga,1.7375772038727344,-750.0039864581579,-0.7375172955584752
176,91,Sr,1.740418094982526,-750.0039864581579,-0.7375172955584752
177,91,Sb,1.7377749655013055,-750.0039864581579,-0.7375172955584752
178,91,Ba,1.7375178523409531,-750.0039864581579,-0.7375172955584752
179,91,Naftalen,1.7375173101144115,-750.0039864581579,-0.7375172955584752
180,91,Acenaftylen,1.7390128542537562,-750.0039864581579,-0.7375172955584752
181,91,Acenaften,1.7809191349218338,-750.0039864581579,-0.7375172955584752
182,91,Fenantren,1.769228682215899,-750.0039864581579,-0.7375172955584752
183,94,HCHO,2.0551513388329803,-0.07332469782751198,0.9999757553147327
184,96,"['Li', 'Antracen']",1.2405072736276863,-660.0652387719819,0.3788673708204362
185,96,"['Fe', 'Al', 'Cr', 'Mn']",1.2506372325262403,-660.0652387719819,0.3788673708204362
186,96,Sb,1.1730596262568547,-660.0652387719819,0.3788673708204362
187,97,Ba,1.9674464584494586,-5623.443005941726,0.99897039025897
188,99,Ga,1.2812176392565338,-83.0000765203578,0.9799157736953843
189,120,"['EC', 'Fluoren']",1.5204344722495378,-222.4371783885405,-0.5509118005008988
190,120,"['Li', 'Antracen']",1.484304768251478,-222.4371783885405,-0.5509118005008988
191,120,"['Al', 'Fe']",1.5276459052451787,-222.4371783885405,-0.5509118005008988
192,120,"['V', 'As']",1.2937769519565134,-222.4371783885405,-0.5509118005008988
193,120,"['Cr', 'Fe', 'Cu']",1.4952468334453477,-222.4371783885405,-0.5509118005008988
194,120,"['Mn', 'Fe', 'Co']",1.429559394035708,-222.4371783885405,-0.5509118005008988
195,120,"['Co', 'Mn']",1.4994475930320406,-222.4371783885405,-0.5509118005008988
196,120,"['Cu', 'Cr', 'Cd', 'Pb']",1.5066731760928243,-222.4371783885405,-0.5509118005008988
197,120,"['Zn', 'U']",1.5093089305967293,-222.4371783885405,-0.5509118005008988
198,120,"['Rb', 'Piren']",1.5438864752090258,-222.4371783885405,-0.5509118005008988
199,120,"['Se', 'Mo']",1.5345905904034682,-222.4371783885405,-0.5509118005008988
200,120,"['Cd', 'Cu', 'Pb']",1.4467390045183544,-222.4371783885405,-0.5509118005008988
201,120,"['Fluoren', 'EC', 'Fluoranten']",1.4942265480008106,-222.4371783885405,-0.5509118005008988
202,120,"['Fluoranten', 'Fluoren']",1.5509117999518232,-222.4371783885405,-0.5509118005008988
203,120,pH,1.5547296740742031,-222.4371783885405,-0.5509118005008988
204,120,TOC,1.5508031249872194,-222.4371783885405,-0.5509118005008988
205,120,ΣPh,1.6318687802721037,-222.4371783885405,-0.5509118005008988
206,120,HCHO,1.536162143731942,-222.4371783885405,-0.5509118005008988
207,120,B,1.5511423172645669,-222.4371783885405,-0.5509118005008988
208,120,Ni,1.5476754122691645,-222.4371783885405,-0.5509118005008988
209,120,Ga,1.591949014802274,-222.4371783885405,-0.5509118005008988
210,120,Sr,1.5451914840034298,-222.4371783885405,-0.5509118005008988
211,120,Sb,1.5510391163716688,-222.4371783885405,-0.5509118005008988
212,120,Ba,1.5640239589003262,-222.4371783885405,-0.5509118005008988
213,120,Naftalen,1.5459719970725336,-222.4371783885405,-0.5509118005008988
214,120,Acenaftylen,1.5515230501146873,-222.4371783885405,-0.5509118005008988
215,120,Acenaften,1.5509117999518232,-222.4371783885405,-0.5509118005008988
216,120,Fenantren,1.5512002264616656,-222.4371783885405,-0.5509118005008988
217,124,Ni,1.0629511221196877,-12.512307240524613,0.05102323295869704
218,135,Fenantren,1.957562540926161,-1090.8579930394749,0.9990817390497078
219,138,"['Mn', 'Fe', 'Co']",1.1308430359206767,-335.0534703710433,0.2983922639864873
220,138,"['Rb', 'Piren']",1.2155448476921151,-335.0534703710433,0.2983922639864873
221,148,"['Cu', 'Cr', 'Cd', 'Pb']",1.0426128857139845,-3.9839895032236896,-0.0424944716165927
222,148,"['Zn', 'U']",1.0424640900916167,-3.9839895032236896,-0.0424944716165927
223,148,"['Rb', 'Piren']",1.0427134197765238,-3.9839895032236896,-0.0424944716165927
224,148,"['Se', 'Mo']",1.0423683963797403,-3.9839895032236896,-0.0424944716165927
225,148,"['Cd', 'Cu', 'Pb']",1.042850586097284,-3.9839895032236896,-0.0424944716165927
226,148,"['Fluoren', 'EC', 'Fluoranten']",1.0435652900419914,-3.9839895032236896,-0.0424944716165927
227,148,"['Fluoranten', 'Fluoren']",1.0424944693407818,-3.9839895032236896,-0.0424944716165927
228,148,pH,1.0425010349872004,-3.9839895032236896,-0.0424944716165927
229,148,TOC,1.0429006351523555,-3.9839895032236896,-0.0424944716165927
230,148,HCHO,1.0424995956239482,-3.9839895032236896,-0.0424944716165927
231,148,B,1.0427715283334655,-3.9839895032236896,-0.0424944716165927
232,148,Ni,1.0499350953306061,-3.9839895032236896,-0.0424944716165927
233,148,Ga,1.1653935379940412,-3.9839895032236896,-0.0424944716165927
234,148,Sr,1.0425357996352211,-3.9839895032236896,-0.0424944716165927
235,148,Sb,1.0426558291665313,-3.9839895032236896,-0.0424944716165927
236,148,Ba,1.0568266557456063,-3.9839895032236896,-0.0424944716165927
237,148,Naftalen,1.048220739898265,-3.9839895032236896,-0.0424944716165927
238,148,Acenaftylen,1.0453331841337365,-3.9839895032236896,-0.0424944716165927
239,148,Acenaften,1.447316518609766,-3.9839895032236896,-0.0424944716165927
240,148,Fenantren,1.042483401291141,-3.9839895032236896,-0.0424944716165927
241,151,Fenantren,1.6725441028709183,-2004.6397823921004,0.8386658727761886
242,160,"['EC', 'Fluoren']",1.1124071215418807,-2.434113445027372,-0.2900417375884343
243,160,"['Li', 'Antracen']",1.1384775779673295,-2.434113445027372,-0.2900417375884343
244,160,"['Al', 'Fe']",1.1616484431191694,-2.434113445027372,-0.2900417375884343
245,160,"['V', 'As']",1.1322721123857131,-2.434113445027372,-0.2900417375884343
246,160,"['Cr', 'Fe', 'Cu']",1.1252037026200177,-2.434113445027372,-0.2900417375884343
247,160,"['Mn', 'Fe', 'Co']",1.2324445795421939,-2.434113445027372,-0.2900417375884343
248,160,"['Fe', 'Al', 'Cr', 'Mn']",1.1010746127946924,-2.434113445027372,-0.2900417375884343
249,160,"['Co', 'Mn']",1.1599434127503834,-2.434113445027372,-0.2900417375884343
250,160,"['Cu', 'Cr', 'Cd', 'Pb']",1.159457035620711,-2.434113445027372,-0.2900417375884343
251,160,"['Zn', 'U']",1.2305988419438676,-2.434113445027372,-0.2900417375884343
252,160,"['Rb', 'Piren']",1.1289950776135402,-2.434113445027372,-0.2900417375884343
253,160,"['Se', 'Mo']",1.252562915730136,-2.434113445027372,-0.2900417375884343
254,160,"['Fluoren', 'EC', 'Fluoranten']",1.1772801788916332,-2.434113445027372,-0.2900417375884343
255,160,"['Fluoranten', 'Fluoren']",1.290041731875907,-2.434113445027372,-0.2900417375884343
256,160,pH,1.2855589416483575,-2.434113445027372,-0.2900417375884343
257,160,TOC,1.290543954538391,-2.434113445027372,-0.2900417375884343
258,160,ΣPh,1.3054975965385474,-2.434113445027372,-0.2900417375884343
259,160,HCHO,1.29249447779029,-2.434113445027372,-0.2900417375884343
260,160,B,1.2963757292774627,-2.434113445027372,-0.2900417375884343
261,160,Ni,1.3007073339260882,-2.434113445027372,-0.2900417375884343
262,160,Ga,1.3251076297131643,-2.434113445027372,-0.2900417375884343
263,160,Sr,1.2903122136827934,-2.434113445027372,-0.2900417375884343
264,160,Sb,1.2900878069204622,-2.434113445027372,-0.2900417375884343
265,160,Ba,1.524325887145498,-2.434113445027372,-0.2900417375884343
266,160,Naftalen,1.2923474524169687,-2.434113445027372,-0.2900417375884343
267,160,Acenaftylen,1.295737630805156,-2.434113445027372,-0.2900417375884343
268,160,Acenaften,1.283879078244834,-2.434113445027372,-0.2900417375884343
269,160,Fenantren,1.2905743743680111,-2.434113445027372,-0.2900417375884343
270,162,"['Zn', 'U']",1.0211410767266644,-3.7209827450517095,0.2845322193019879
271,162,Ga,1.0851375285773006,-3.7209827450517095,0.2845322193019879
272,165,"['Li', 'Antracen']",1.109038176930433,-15.029704310976129,-0.043213413084432384
273,165,"['Al', 'Fe']",1.0892383393162588,-15.029704310976129,-0.043213413084432384
274,165,"['Cr', 'Fe', 'Cu']",1.2130040804523154,-15.029704310976129,-0.043213413084432384
275,165,"['Fe', 'Al', 'Cr', 'Mn']",1.1599349071471177,-15.029704310976129,-0.043213413084432384
276,165,"['Co', 'Mn']",1.0325810476578183,-15.029704310976129,-0.043213413084432384
277,165,"['Cu', 'Cr', 'Cd', 'Pb']",1.1133535690494862,-15.029704310976129,-0.043213413084432384
278,165,"['Zn', 'U']",1.1294095640273294,-15.029704310976129,-0.043213413084432384
279,165,"['Rb', 'Piren']",1.1377196152925615,-15.029704310976129,-0.043213413084432384
280,165,"['Se', 'Mo']",1.126078185705698,-15.029704310976129,-0.043213413084432384
281,165,"['Cd', 'Cu', 'Pb']",1.122104371388575,-15.029704310976129,-0.043213413084432384
282,165,"['Fluoren', 'EC', 'Fluoranten']",1.0860019417612141,-15.029704310976129,-0.043213413084432384
283,165,"['Fluoranten', 'Fluoren']",1.0432134085213525,-15.029704310976129,-0.043213413084432384
284,165,pH,1.0558630343496553,-15.029704310976129,-0.043213413084432384
285,165,TOC,1.0389270871674436,-15.029704310976129,-0.043213413084432384
286,165,ΣPh,1.0426953320010823,-15.029704310976129,-0.043213413084432384
287,165,HCHO,1.0481340824256191,-15.029704310976129,-0.043213413084432384
288,165,B,1.0432577363678006,-15.029704310976129,-0.043213413084432384
289,165,Ni,1.0289937646790686,-15.029704310976129,-0.043213413084432384
290,165,Ga,1.0432134085213525,-15.029704310976129,-0.043213413084432384
291,165,Sr,1.0435615875831972,-15.029704310976129,-0.043213413084432384
292,165,Sb,1.043204994276969,-15.029704310976129,-0.043213413084432384
293,165,Ba,1.042675338101208,-15.029704310976129,-0.043213413084432384
294,165,Naftalen,1.0432138272923905,-15.029704310976129,-0.043213413084432384
295,165,Acenaftylen,1.0711766745957991,-15.029704310976129,-0.043213413084432384
296,165,Acenaften,1.0438229953427043,-15.029704310976129,-0.043213413084432384
297,165,Fenantren,1.0440000698405119,-15.029704310976129,-0.043213413084432384
298,168,B,1.1697496481847194,-7.055845368098223,0.07407569147144366
299,168,Sb,1.0066899171359593,-7.055845368098223,0.07407569147144366
300,168,Acenaftylen,1.10110704619453,-7.055845368098223,0.07407569147144366
301,169,"['Al', 'Fe']",1.0316034393182854,-0.3210936846892268,-0.031602381940096125
302,169,"['V', 'As']",2.0619384046842657,-0.3210936846892268,-0.031602381940096125
303,169,"['Cr', 'Fe', 'Cu']",1.0316029651435583,-0.3210936846892268,-0.031602381940096125
304,169,"['Mn', 'Fe', 'Co']",2.061938512917978,-0.3210936846892268,-0.031602381940096125
305,169,"['Fe', 'Al', 'Cr', 'Mn']",1.0316029131052575,-0.3210936846892268,-0.031602381940096125
306,169,"['Co', 'Mn']",2.06187999065712,-0.3210936846892268,-0.031602381940096125
307,169,"['Cu', 'Cr', 'Cd', 'Pb']",1.0316010809277496,-0.3210936846892268,-0.031602381940096125
308,169,"['Rb', 'Piren']",1.032160943764835,-0.3210936846892268,-0.031602381940096125
309,169,"['Se', 'Mo']",1.0316032300648041,-0.3210936846892268,-0.031602381940096125
310,169,"['Fluoranten', 'Fluoren']",1.031602381504269,-0.3210936846892268,-0.031602381940096125
311,169,pH,2.063122826831028,-0.3210936846892268,-0.031602381940096125
312,169,TOC,1.031602381504269,-0.3210936846892268,-0.031602381940096125
313,169,ΣPh,1.031602381504269,-0.3210936846892268,-0.031602381940096125
314,169,HCHO,1.031602381504269,-0.3210936846892268,-0.031602381940096125
315,169,B,1.031602381504269,-0.3210936846892268,-0.031602381940096125
316,169,Ni,1.031602381504269,-0.3210936846892268,-0.031602381940096125
317,169,Ga,1.031602381504269,-0.3210936846892268,-0.031602381940096125
318,169,Sr,1.031602381504269,-0.3210936846892268,-0.031602381940096125
319,169,Sb,2.0618535123499675,-0.3210936846892268,-0.031602381940096125
320,169,Ba,1.031602381504269,-0.3210936846892268,-0.031602381940096125
321,169,Naftalen,1.031602381504269,-0.3210936846892268,-0.031602381940096125
322,169,Acenaftylen,1.0316945777690605,-0.3210936846892268,-0.031602381940096125
323,169,Acenaften,1.031602381504269,-0.3210936846892268,-0.031602381940096125
324,169,Fenantren,1.031602381504269,-0.3210936846892268,-0.031602381940096125
325,171,Ga,1.1577411277107528,-37.30793483729402,0.94912642244045
326,179,"['EC', 'Fluoren']",1.1443441948419464,-1.6253048104710845,-0.13579944023127744
327,179,"['Li', 'Antracen']",1.230840566311261,-1.6253048104710845,-0.13579944023127744
328,179,"['Al', 'Fe']",1.1308789707062106,-1.6253048104710845,-0.13579944023127744
329,179,"['V', 'As']",1.15474125780375,-1.6253048104710845,-0.13579944023127744
330,179,"['Cr', 'Fe', 'Cu']",1.032250232406932,-1.6253048104710845,-0.13579944023127744
331,179,"['Mn', 'Fe', 'Co']",1.1446413409409948,-1.6253048104710845,-0.13579944023127744
332,179,"['Fe', 'Al', 'Cr', 'Mn']",1.065568772174186,-1.6253048104710845,-0.13579944023127744
333,179,"['Co', 'Mn']",1.1491689722182334,-1.6253048104710845,-0.13579944023127744
334,179,"['Zn', 'U']",1.063990139649321,-1.6253048104710845,-0.13579944023127744
335,179,"['Rb', 'Piren']",1.2254029596342886,-1.6253048104710845,-0.13579944023127744
336,179,"['Se', 'Mo']",1.0285628488160583,-1.6253048104710845,-0.13579944023127744
337,179,"['Cd', 'Cu', 'Pb']",1.137549892839357,-1.6253048104710845,-0.13579944023127744
338,179,"['Fluoren', 'EC', 'Fluoranten']",1.0907025885104689,-1.6253048104710845,-0.13579944023127744
339,179,"['Fluoranten', 'Fluoren']",1.1357994355795673,-1.6253048104710845,-0.13579944023127744
340,179,pH,1.1340688421608576,-1.6253048104710845,-0.13579944023127744
341,179,TOC,1.1389781392840945,-1.6253048104710845,-0.13579944023127744
342,179,ΣPh,1.1392829382260317,-1.6253048104710845,-0.13579944023127744
343,179,HCHO,1.3335582751882145,-1.6253048104710845,-0.13579944023127744
344,179,B,1.135369763331117,-1.6253048104710845,-0.13579944023127744
345,179,Ni,1.1310017203308906,-1.6253048104710845,-0.13579944023127744
346,179,Ga,1.1402227834560796,-1.6253048104710845,-0.13579944023127744
347,179,Sr,1.1477045238761565,-1.6253048104710845,-0.13579944023127744
348,179,Sb,1.1407033116024086,-1.6253048104710845,-0.13579944023127744
349,179,Ba,1.1357994355795673,-1.6253048104710845,-0.13579944023127744
350,179,Naftalen,1.1357994355795673,-1.6253048104710845,-0.13579944023127744
351,179,Acenaftylen,1.1353243022471804,-1.6253048104710845,-0.13579944023127744
352,179,Acenaften,1.1360946016602462,-1.6253048104710845,-0.13579944023127744
353,179,Fenantren,1.1365594286068688,-1.6253048104710845,-0.13579944023127744
354,180,Sb,1.383092171686839,-2.6413368344787966,0.7671248264597393
355,182,"['Li', 'Antracen']",1.009829214280152,-3.743472535811899,-0.17580918497388565
356,182,"['Al', 'Fe']",1.326494117859265,-3.743472535811899,-0.17580918497388565
357,182,"['Mn', 'Fe', 'Co']",1.138225293152987,-3.743472535811899,-0.17580918497388565
358,182,"['Fe', 'Al', 'Cr', 'Mn']",1.0916240090289515,-3.743472535811899,-0.17580918497388565
359,182,"['Rb', 'Piren']",1.0529838234145847,-3.743472535811899,-0.17580918497388565
360,182,"['Fluoranten', 'Fluoren']",1.1758091749764599,-3.743472535811899,-0.17580918497388565
361,182,TOC,1.1856431630897146,-3.743472535811899,-0.17580918497388565
362,182,ΣPh,1.1824494328193051,-3.743472535811899,-0.17580918497388565
363,182,HCHO,1.1864782574902348,-3.743472535811899,-0.17580918497388565
364,182,B,1.2398714817737162,-3.743472535811899,-0.17580918497388565
365,182,Ni,1.1780462731221633,-3.743472535811899,-0.17580918497388565
366,182,Ga,1.180699393140815,-3.743472535811899,-0.17580918497388565
367,182,Sr,1.2443253549380706,-3.743472535811899,-0.17580918497388565
368,182,Sb,1.3046527866946624,-3.743472535811899,-0.17580918497388565
369,182,Ba,1.2294777588320411,-3.743472535811899,-0.17580918497388565
370,182,Naftalen,1.1748374084794118,-3.743472535811899,-0.17580918497388565
371,182,Acenaftylen,1.1770769033508728,-3.743472535811899,-0.17580918497388565
372,182,Acenaften,1.2963628392966415,-3.743472535811899,-0.17580918497388565
373,182,Fenantren,1.219158140568288,-3.743472535811899,-0.17580918497388565
374,188,B,1.3158356643627518,-0.31431992879621296,0.7396421341678552
375,212,"['EC', 'Fluoren']",1.9776900084269662,-134.51202399513764,-1.000779019928319
376,212,"['Li', 'Antracen']",2.0067990564249927,-134.51202399513764,-1.000779019928319
377,212,"['Al', 'Fe']",2.0004127601685733,-134.51202399513764,-1.000779019928319
378,212,"['V', 'As']",2.000027791098161,-134.51202399513764,-1.000779019928319
379,212,"['Cr', 'Fe', 'Cu']",1.6332284728512265,-134.51202399513764,-1.000779019928319
380,212,"['Mn', 'Fe', 'Co']",2.0059857090493938,-134.51202399513764,-1.000779019928319
381,212,"['Co', 'Mn']",1.9972500335638723,-134.51202399513764,-1.000779019928319
382,212,"['Cu', 'Cr', 'Cd', 'Pb']",1.9823962253598446,-134.51202399513764,-1.000779019928319
383,212,"['Zn', 'U']",2.001081211930359,-134.51202399513764,-1.000779019928319
384,212,"['Rb', 'Piren']",2.003499717246783,-134.51202399513764,-1.000779019928319
385,212,"['Se', 'Mo']",1.980895271125425,-134.51202399513764,-1.000779019928319
386,212,"['Cd', 'Cu', 'Pb']",1.6332039467113395,-134.51202399513764,-1.000779019928319
387,212,"['Fluoren', 'EC', 'Fluoranten']",2.0035975722792405,-134.51202399513764,-1.000779019928319
388,212,"['Fluoranten', 'Fluoren']",2.0007790144901887,-134.51202399513764,-1.000779019928319
389,212,pH,1.9973833564441623,-134.51202399513764,-1.000779019928319
390,212,TOC,2.0007442059171345,-134.51202399513764,-1.000779019928319
391,212,ΣPh,2.000779228364437,-134.51202399513764,-1.000779019928319
392,212,HCHO,2.0015813284184865,-134.51202399513764,-1.000779019928319
393,212,B,2.0008741076354637,-134.51202399513764,-1.000779019928319
394,212,Ni,2.0721077508290118,-134.51202399513764,-1.000779019928319
395,212,Ga,2.00077730737815,-134.51202399513764,-1.000779019928319
396,212,Sr,2.0007846380751944,-134.51202399513764,-1.000779019928319
397,212,Sb,2.0014520433599405,-134.51202399513764,-1.000779019928319
398,212,Ba,2.000159224391544,-134.51202399513764,-1.000779019928319
399,212,Naftalen,1.9985476152983739,-134.51202399513764,-1.000779019928319
400,212,Acenaftylen,2.0025534345809435,-134.51202399513764,-1.000779019928319
401,212,Acenaften,2.0007842523210404,-134.51202399513764,-1.000779019928319
402,212,Fenantren,2.0027735423158854,-134.51202399513764,-1.000779019928319
403,229,Sr,1.4123303541629206,-1.0950547474654777,0.9460461583533782
404,251,"['EC', 'Fluoren']",1.6704597651839275,-1.0585782100192844,-0.6838997058091798
405,251,"['Li', 'Antracen']",1.5960033574935677,-1.0585782100192844,-0.6838997058091798
406,251,"['Al', 'Fe']",1.6827230904188812,-1.0585782100192844,-0.6838997058091798
407,251,"['V', 'As']",1.3575615081224024,-1.0585782100192844,-0.6838997058091798
408,251,"['Cr', 'Fe', 'Cu']",1.5923546536531044,-1.0585782100192844,-0.6838997058091798
409,251,"['Mn', 'Fe', 'Co']",1.6660017394269662,-1.0585782100192844,-0.6838997058091798
410,251,"['Fe', 'Al', 'Cr', 'Mn']",1.6070835744621965,-1.0585782100192844,-0.6838997058091798
411,251,"['Co', 'Mn']",1.7316454732134667,-1.0585782100192844,-0.6838997058091798
412,251,"['Cu', 'Cr', 'Cd', 'Pb']",1.609949764809661,-1.0585782100192844,-0.6838997058091798
413,251,"['Zn', 'U']",1.6134634691411276,-1.0585782100192844,-0.6838997058091798
414,251,"['Rb', 'Piren']",1.597762939604448,-1.0585782100192844,-0.6838997058091798
415,251,"['Se', 'Mo']",1.5870138062942287,-1.0585782100192844,-0.6838997058091798
416,251,"['Cd', 'Cu', 'Pb']",1.6419859490462856,-1.0585782100192844,-0.6838997058091798
417,251,"['Fluoren', 'EC', 'Fluoranten']",1.6355206067350847,-1.0585782100192844,-0.6838997058091798
418,251,"['Fluoranten', 'Fluoren']",1.6838996702096418,-1.0585782100192844,-0.6838997058091798
419,251,pH,1.6725289839149045,-1.0585782100192844,-0.6838997058091798
420,251,TOC,1.6840207189780232,-1.0585782100192844,-0.6838997058091798
421,251,ΣPh,1.683411205284094,-1.0585782100192844,-0.6838997058091798
422,251,HCHO,1.7090609124788414,-1.0585782100192844,-0.6838997058091798
423,251,B,1.7487253734870594,-1.0585782100192844,-0.6838997058091798
424,251,Ni,1.69783421358739,-1.0585782100192844,-0.6838997058091798
425,251,Ga,1.6840458431300374,-1.0585782100192844,-0.6838997058091798
426,251,Sr,1.6841297448502275,-1.0585782100192844,-0.6838997058091798
427,251,Sb,1.6937249238809378,-1.0585782100192844,-0.6838997058091798
428,251,Ba,1.6841307648002921,-1.0585782100192844,-0.6838997058091798
429,251,Naftalen,1.686612455403679,-1.0585782100192844,-0.6838997058091798
430,251,Acenaftylen,1.7371587100672015,-1.0585782100192844,-0.6838997058091798
431,251,Acenaften,1.6838877097054292,-1.0585782100192844,-0.6838997058091798
432,251,Fenantren,1.6834028534081535,-1.0585782100192844,-0.6838997058091798
433,260,Acenaftylen,1.1561940181367947,-3.294402576387661,0.2252501507949657
434,261,"['EC', 'Fluoren']",1.6019380514659154,-5.584742261424708,-0.5937023674118445
435,261,"['Li', 'Antracen']",1.6044008334328324,-5.584742261424708,-0.5937023674118445
436,261,"['Al', 'Fe']",1.6028617153096443,-5.584742261424708,-0.5937023674118445
437,261,"['V', 'As']",1.6026326408064289,-5.584742261424708,-0.5937023674118445
438,261,"['Cr', 'Fe', 'Cu']",1.602211888295103,-5.584742261424708,-0.5937023674118445
439,261,"['Mn', 'Fe', 'Co']",1.592800627324447,-5.584742261424708,-0.5937023674118445
440,261,"['Fe', 'Al', 'Cr', 'Mn']",1.6042821359642137,-5.584742261424708,-0.5937023674118445
441,261,"['Co', 'Mn']",1.6033847264341332,-5.584742261424708,-0.5937023674118445
442,261,"['Cu', 'Cr', 'Cd', 'Pb']",1.0940463091763555,-5.584742261424708,-0.5937023674118445
443,261,"['Zn', 'U']",1.6038480864579945,-5.584742261424708,-0.5937023674118445
444,261,"['Rb', 'Piren']",1.6036608818713138,-5.584742261424708,-0.5937023674118445
445,261,"['Se', 'Mo']",1.6037813368444314,-5.584742261424708,-0.5937023674118445
446,261,"['Fluoren', 'EC', 'Fluoranten']",1.6029504338999805,-5.584742261424708,-0.5937023674118445
447,261,"['Fluoranten', 'Fluoren']",1.5937023062618998,-5.584742261424708,-0.5937023674118445
448,261,pH,1.5936515202949235,-5.584742261424708,-0.5937023674118445
449,261,TOC,1.5936854009091534,-5.584742261424708,-0.5937023674118445
450,261,ΣPh,1.5942344257372227,-5.584742261424708,-0.5937023674118445
451,261,HCHO,1.6799319313289116,-5.584742261424708,-0.5937023674118445
452,261,B,1.5937027028172626,-5.584742261424708,-0.5937023674118445
453,261,Ni,1.5936463685343758,-5.584742261424708,-0.5937023674118445
454,261,Ga,1.5938155911339404,-5.584742261424708,-0.5937023674118445
455,261,Sr,1.5937192124771211,-5.584742261424708,-0.5937023674118445
456,261,Sb,1.5937176247218419,-5.584742261424708,-0.5937023674118445
457,261,Ba,1.5936654538592094,-5.584742261424708,-0.5937023674118445
458,261,Naftalen,1.5936998089538155,-5.584742261424708,-0.5937023674118445
459,261,Acenaftylen,1.5937024084385354,-5.584742261424708,-0.5937023674118445
460,261,Acenaften,1.5937023062618998,-5.584742261424708,-0.5937023674118445
461,261,Fenantren,1.7152230132607937,-5.584742261424708,-0.5937023674118445
462,264,Sb,1.271491655718123,-27.423742638965262,0.9976108479288636
463,270,Ba,1.8723100048895518,-0.8274466612187676,0.9094563047628399
464,279,"['Cr', 'Fe', 'Cu']",1.1069438563326819,-1.7486588882180136,0.2321572768427782
465,279,"['Cu', 'Cr', 'Cd', 'Pb']",1.1183644228473084,-1.7486588882180136,0.2321572768427782
466,279,"['Se', 'Mo']",1.0844402134979954,-1.7486588882180136,0.2321572768427782
467,279,"['Fluoren', 'EC', 'Fluoranten']",1.0414265981089772,-1.7486588882180136,0.2321572768427782
468,290,"['EC', 'Fluoren']",2.000270947661988,-2.5470646994071893,-0.30873289492743394
469,290,"['Li', 'Antracen']",1.6403557035523528,-2.5470646994071893,-0.30873289492743394
470,290,"['Al', 'Fe']",1.9187268302693652,-2.5470646994071893,-0.30873289492743394
471,290,"['V', 'As']",1.9628599416566677,-2.5470646994071893,-0.30873289492743394
472,290,"['Cr', 'Fe', 'Cu']",1.2746243483385988,-2.5470646994071893,-0.30873289492743394
473,290,"['Mn', 'Fe', 'Co']",2.0181773522225432,-2.5470646994071893,-0.30873289492743394
474,290,"['Fe', 'Al', 'Cr', 'Mn']",1.870343429524042,-2.5470646994071893,-0.30873289492743394
475,290,"['Co', 'Mn']",1.8394902793228936,-2.5470646994071893,-0.30873289492743394
476,290,"['Cu', 'Cr', 'Cd', 'Pb']",1.8459508143756242,-2.5470646994071893,-0.30873289492743394
477,290,"['Zn', 'U']",1.5906385295512955,-2.5470646994071893,-0.30873289492743394
478,290,"['Rb', 'Piren']",1.963178442074483,-2.5470646994071893,-0.30873289492743394
479,290,"['Se', 'Mo']",1.9977923578149093,-2.5470646994071893,-0.30873289492743394
480,290,"['Cd', 'Cu', 'Pb']",1.5584550627547766,-2.5470646994071893,-0.30873289492743394
481,290,"['Fluoren', 'EC', 'Fluoranten']",1.988520804964244,-2.5470646994071893,-0.30873289492743394
482,290,"['Fluoranten', 'Fluoren']",1.3087326510956623,-2.5470646994071893,-0.30873289492743394
483,290,pH,1.7784370747637999,-2.5470646994071893,-0.30873289492743394
484,290,TOC,1.3150911822011653,-2.5470646994071893,-0.30873289492743394
485,290,ΣPh,1.3102315249273648,-2.5470646994071893,-0.30873289492743394
486,290,HCHO,1.3089804339056184,-2.5470646994071893,-0.30873289492743394
487,290,B,1.3096131202929535,-2.5470646994071893,-0.30873289492743394
488,290,Ni,1.308726339264462,-2.5470646994071893,-0.30873289492743394
489,290,Ga,1.356878986351933,-2.5470646994071893,-0.30873289492743394
490,290,Sr,1.3087274531042647,-2.5470646994071893,-0.30873289492743394
491,290,Sb,1.3086302790716975,-2.5470646994071893,-0.30873289492743394
492,290,Ba,1.3087326510956623,-2.5470646994071893,-0.30873289492743394
493,290,Naftalen,1.3093320401244166,-2.5470646994071893,-0.30873289492743394
494,290,Acenaftylen,1.3150117750905763,-2.5470646994071893,-0.30873289492743394
495,290,Acenaften,1.3100906790513116,-2.5470646994071893,-0.30873289492743394
496,290,Fenantren,1.2879880079084682,-2.5470646994071893,-0.30873289492743394
497,298,"['Fe', 'Al', 'Cr', 'Mn']",2.1322821213959493,-0.09006119343185519,0.3583460433743425
498,298,"['Co', 'Mn']",2.8390847812083067,-0.09006119343185519,0.3583460433743425
499,298,"['Zn', 'U']",1.347938922867089,-0.09006119343185519,0.3583460433743425
500,298,"['Rb', 'Piren']",1.347935433341184,-0.09006119343185519,0.3583460433743425
501,298,"['Cd', 'Cu', 'Pb']",1.3479019052279262,-0.09006119343185519,0.3583460433743425
502,302,"['Cr', 'Fe', 'Cu']",1.3376727904505619,-3.3689501634139063,-0.3341672269250173
503,302,"['Fe', 'Al', 'Cr', 'Mn']",1.5571753559375296,-3.3689501634139063,-0.3341672269250173
504,302,"['Cu', 'Cr', 'Cd', 'Pb']",2.284977591221469,-3.3689501634139063,-0.3341672269250173
505,302,"['Zn', 'U']",1.7733278567712492,-3.3689501634139063,-0.3341672269250173
506,302,"['Rb', 'Piren']",2.285563002896935,-3.3689501634139063,-0.3341672269250173
507,302,"['Se', 'Mo']",1.3026255372060582,-3.3689501634139063,-0.3341672269250173
508,302,"['Cd', 'Cu', 'Pb']",1.8208227792280687,-3.3689501634139063,-0.3341672269250173
509,302,"['Fluoren', 'EC', 'Fluoranten']",1.7837028059524014,-3.3689501634139063,-0.3341672269250173
510,302,"['Fluoranten', 'Fluoren']",1.3341669453838496,-3.3689501634139063,-0.3341672269250173
511,302,pH,1.3337006824067665,-3.3689501634139063,-0.3341672269250173
512,302,TOC,1.337850183976032,-3.3689501634139063,-0.3341672269250173
513,302,ΣPh,1.6765316948516678,-3.3689501634139063,-0.3341672269250173
514,302,HCHO,1.3346005851942442,-3.3689501634139063,-0.3341672269250173
515,302,B,1.33322905741386,-3.3689501634139063,-0.3341672269250173
516,302,Ni,1.3344199543853061,-3.3689501634139063,-0.3341672269250173
517,302,Ga,1.3338969791346285,-3.3689501634139063,-0.3341672269250173
518,302,Sr,1.3600155686657878,-3.3689501634139063,-0.3341672269250173
519,302,Sb,1.3321634643565787,-3.3689501634139063,-0.3341672269250173
520,302,Ba,1.3794909857887458,-3.3689501634139063,-0.3341672269250173
521,302,Naftalen,1.3342371843549221,-3.3689501634139063,-0.3341672269250173
522,302,Acenaftylen,1.3351641026415222,-3.3689501634139063,-0.3341672269250173
523,302,Acenaften,1.3337622409270091,-3.3689501634139063,-0.3341672269250173
524,302,Fenantren,1.3871218925303253,-3.3689501634139063,-0.3341672269250173
525,305,"['Se', 'Mo']",1.0786696727756175,-0.7292543348757236,0.47720039078846077
526,305,pH,1.078096986853485,-0.7292543348757236,0.47720039078846077
527,314,"['Fe', 'Al', 'Cr', 'Mn']",2.0772944520784065,-0.041296928327644936,0.9794603579712557
528,314,"['Co', 'Mn']",2.0772862369433653,-0.041296928327644936,0.9794603579712557
529,314,ΣPh,2.0772944520784065,-0.041296928327644936,0.9794603579712557
530,316,Ba,1.0667021143934272,-0.41888094668386555,0.5799222794344816
531,317,"['Cr', 'Fe', 'Cu']",1.8057471001549725,-0.154176214067035,-0.6842713558948401
532,317,"['Mn', 'Fe', 'Co']",1.7649820656298814,-0.154176214067035,-0.6842713558948401
533,317,"['Fe', 'Al', 'Cr', 'Mn']",1.5258308349387582,-0.154176214067035,-0.6842713558948401
534,317,"['Co', 'Mn']",1.5267808896170334,-0.154176214067035,-0.6842713558948401
535,317,"['Cu', 'Cr', 'Cd', 'Pb']",1.703926571390257,-0.154176214067035,-0.6842713558948401
536,317,"['Zn', 'U']",1.7039147718419847,-0.154176214067035,-0.6842713558948401
537,317,"['Rb', 'Piren']",1.7026221178924015,-0.154176214067035,-0.6842713558948401
538,317,"['Se', 'Mo']",1.702943492092241,-0.154176214067035,-0.6842713558948401
539,317,"['Cd', 'Cu', 'Pb']",1.7078984744022354,-0.154176214067035,-0.6842713558948401
540,317,"['Fluoren', 'EC', 'Fluoranten']",1.7099276320073495,-0.154176214067035,-0.6842713558948401
541,317,"['Fluoranten', 'Fluoren']",1.6842711363331486,-0.154176214067035,-0.6842713558948401
542,317,pH,1.7438056159274096,-0.154176214067035,-0.6842713558948401
543,317,TOC,1.7057163205843922,-0.154176214067035,-0.6842713558948401
544,317,ΣPh,1.6842578387140268,-0.154176214067035,-0.6842713558948401
545,317,HCHO,1.6844138373874045,-0.154176214067035,-0.6842713558948401
546,317,B,1.6935972206019279,-0.154176214067035,-0.6842713558948401
547,317,Ni,1.7353577049670883,-0.154176214067035,-0.6842713558948401
548,317,Ga,1.6840849893221628,-0.154176214067035,-0.6842713558948401
549,317,Sr,1.684271706114692,-0.154176214067035,-0.6842713558948401
550,317,Sb,1.6842711363331486,-0.154176214067035,-0.6842713558948401
551,317,Ba,1.6830872030626893,-0.154176214067035,-0.6842713558948401
552,317,Naftalen,1.6842765998445577,-0.154176214067035,-0.6842713558948401
553,317,Acenaftylen,1.6842908514170531,-0.154176214067035,-0.6842713558948401
554,317,Acenaften,1.6895998240189924,-0.154176214067035,-0.6842713558948401
555,317,Fenantren,1.6828780824791236,-0.154176214067035,-0.6842713558948401
556,318,Fenantren,1.1113267409629335,-0.10960475970033876,0.9704508693444671
557,319,"['Co', 'Mn']",1.2569748299481804,-0.3486259033865299,0.2528134890624164
558,319,ΣPh,1.0300427825943335,-0.3486259033865299,0.2528134890624164
559,323,Ba,1.3737230073033213,-0.14433810142346037,0.9954985283800802
560,325,Ba,1.4402798055337094,-0.1632434144975255,0.9181810737029462
561,327,"['EC', 'Fluoren']",1.268279852643361,-0.14258554885552593,0.24217963315293167
562,327,"['Li', 'Antracen']",1.0292929471309793,-0.14258554885552593,0.24217963315293167
563,327,"['V', 'As']",1.1428761615779393,-0.14258554885552593,0.24217963315293167
564,327,"['Mn', 'Fe', 'Co']",1.1440675695274543,-0.14258554885552593,0.24217963315293167
565,327,"['Cu', 'Cr', 'Cd', 'Pb']",1.71105719268391,-0.14258554885552593,0.24217963315293167
566,327,"['Rb', 'Piren']",1.172601950493545,-0.14258554885552593,0.24217963315293167
567,327,"['Cd', 'Cu', 'Pb']",1.3451712852673037,-0.14258554885552593,0.24217963315293167
568,328,"['Fe', 'Al', 'Cr', 'Mn']",1.0065763776189725,-0.7930106377024538,0.08892212016978951
569,328,"['Cu', 'Cr', 'Cd', 'Pb']",1.3186079577500311,-0.7930106377024538,0.08892212016978951
570,328,"['Zn', 'U']",1.3515598297011755,-0.7930106377024538,0.08892212016978951
571,328,"['Rb', 'Piren']",1.4822008905225603,-0.7930106377024538,0.08892212016978951
572,328,"['Cd', 'Cu', 'Pb']",1.278844727639488,-0.7930106377024538,0.08892212016978951
573,328,"['Fluoren', 'EC', 'Fluoranten']",1.2237075487381843,-0.7930106377024538,0.08892212016978951
574,330,Sr,1.0561234115531084,-0.1092112283059404,0.8496457652229372
575,333,Acenaftylen,1.599308473435268,-0.7875042938408093,0.877583494258511
576,335,B,1.910440902652684,-0.06698024667198052,0.22896919189025433
577,338,"['Cr', 'Fe', 'Cu']",1.3506839857214983,-0.3950490916399419,-0.6704270841716371
578,338,"['Mn', 'Fe', 'Co']",1.1509790059280522,-0.3950490916399419,-0.6704270841716371
579,338,"['Fe', 'Al', 'Cr', 'Mn']",1.3077955328265913,-0.3950490916399419,-0.6704270841716371
580,338,"['Co', 'Mn']",1.4967505722188061,-0.3950490916399419,-0.6704270841716371
581,338,"['Cu', 'Cr', 'Cd', 'Pb']",1.5538810461761914,-0.3950490916399419,-0.6704270841716371
582,338,"['Zn', 'U']",1.3565868058710806,-0.3950490916399419,-0.6704270841716371
583,338,"['Rb', 'Piren']",1.365651468535741,-0.3950490916399419,-0.6704270841716371
584,338,"['Se', 'Mo']",1.149018577768683,-0.3950490916399419,-0.6704270841716371
585,338,"['Cd', 'Cu', 'Pb']",1.275000646291754,-0.3950490916399419,-0.6704270841716371
586,338,"['Fluoren', 'EC', 'Fluoranten']",1.187999827097249,-0.3950490916399419,-0.6704270841716371
587,338,"['Fluoranten', 'Fluoren']",1.6704258553037596,-0.3950490916399419,-0.6704270841716371
588,338,pH,1.6705784755635062,-0.3950490916399419,-0.6704270841716371
589,338,TOC,1.2820075845913688,-0.3950490916399419,-0.6704270841716371
590,338,ΣPh,1.6709009671234796,-0.3950490916399419,-0.6704270841716371
591,338,HCHO,1.673135266415084,-0.3950490916399419,-0.6704270841716371
592,338,B,1.7227634769185436,-0.3950490916399419,-0.6704270841716371
593,338,Ni,1.6755217278033474,-0.3950490916399419,-0.6704270841716371
594,338,Ga,1.6981266674873636,-0.3950490916399419,-0.6704270841716371
595,338,Sr,1.6699042379394922,-0.3950490916399419,-0.6704270841716371
596,338,Sb,1.6761817518442756,-0.3950490916399419,-0.6704270841716371
597,338,Ba,1.7306795269683573,-0.3950490916399419,-0.6704270841716371
598,338,Naftalen,1.6712399623305938,-0.3950490916399419,-0.6704270841716371
599,338,Acenaftylen,1.6672440953150318,-0.3950490916399419,-0.6704270841716371
600,338,Acenaften,1.657010790558794,-0.3950490916399419,-0.6704270841716371
601,338,Fenantren,1.6617554433503448,-0.3950490916399419,-0.6704270841716371
602,340,"['Fe', 'Al', 'Cr', 'Mn']",1.999436940820352,-0.11329764221660077,-0.999437027484751
603,340,"['Co', 'Mn']",1.999436940820352,-0.11329764221660077,-0.999437027484751
604,340,"['Cu', 'Cr', 'Cd', 'Pb']",1.999436940820352,-0.11329764221660077,-0.999437027484751
605,340,"['Zn', 'U']",1.999436940820352,-0.11329764221660077,-0.999437027484751
606,340,"['Rb', 'Piren']",1.999436940820352,-0.11329764221660077,-0.999437027484751
607,340,"['Se', 'Mo']",1.999436940820352,-0.11329764221660077,-0.999437027484751
608,340,"['Cd', 'Cu', 'Pb']",1.999436940820352,-0.11329764221660077,-0.999437027484751
609,340,"['Fluoren', 'EC', 'Fluoranten']",1.999436940820352,-0.11329764221660077,-0.999437027484751
610,340,"['Fluoranten', 'Fluoren']",1.999436940820352,-0.11329764221660077,-0.999437027484751
611,340,pH,1.999436940820352,-0.11329764221660077,-0.999437027484751
612,340,TOC,1.999436940820352,-0.11329764221660077,-0.999437027484751
613,340,ΣPh,1.999436940820352,-0.11329764221660077,-0.999437027484751
614,340,HCHO,1.999436940820352,-0.11329764221660077,-0.999437027484751
615,340,B,1.999436940820352,-0.11329764221660077,-0.999437027484751
616,340,Ni,1.999436940820352,-0.11329764221660077,-0.999437027484751
617,340,Ga,1.999436940820352,-0.11329764221660077,-0.999437027484751
618,340,Sr,1.999436940820352,-0.11329764221660077,-0.999437027484751
619,340,Sb,1.999436940820352,-0.11329764221660077,-0.999437027484751
620,340,Ba,1.999436940820352,-0.11329764221660077,-0.999437027484751
621,340,Naftalen,1.999436940820352,-0.11329764221660077,-0.999437027484751
622,340,Acenaftylen,1.999436940820352,-0.11329764221660077,-0.999437027484751
623,340,Acenaften,1.999436940820352,-0.11329764221660077,-0.999437027484751
624,340,Fenantren,1.999436940820352,-0.11329764221660077,-0.999437027484751
625,345,"['EC', 'Fluoren']",1.8942974153423595,-0.07331637846758325,-1.1046840350953282
626,345,"['Li', 'Antracen']",1.8942974153423595,-0.07331637846758325,-1.1046840350953282
627,345,"['Al', 'Fe']",1.8942974153423595,-0.07331637846758325,-1.1046840350953282
628,345,"['V', 'As']",1.8942974153423595,-0.07331637846758325,-1.1046840350953282
629,345,"['Cr', 'Fe', 'Cu']",2.1046839438127596,-0.07331637846758325,-1.1046840350953282
630,345,"['Mn', 'Fe', 'Co']",2.1046839438127596,-0.07331637846758325,-1.1046840350953282
631,345,"['Fe', 'Al', 'Cr', 'Mn']",2.1046839438127596,-0.07331637846758325,-1.1046840350953282
632,345,"['Co', 'Mn']",2.1046839438127596,-0.07331637846758325,-1.1046840350953282
633,345,"['Cu', 'Cr', 'Cd', 'Pb']",2.1046839438127596,-0.07331637846758325,-1.1046840350953282
634,345,"['Zn', 'U']",2.1046839438127596,-0.07331637846758325,-1.1046840350953282
635,345,"['Rb', 'Piren']",2.1046839438127596,-0.07331637846758325,-1.1046840350953282
636,345,"['Se', 'Mo']",2.1046839438127596,-0.07331637846758325,-1.1046840350953282
637,345,"['Fluoren', 'EC', 'Fluoranten']",2.1046839438127596,-0.07331637846758325,-1.1046840350953282
638,345,"['Fluoranten', 'Fluoren']",2.1046839438127596,-0.07331637846758325,-1.1046840350953282
639,345,pH,2.1046839438127596,-0.07331637846758325,-1.1046840350953282
640,345,TOC,1.8942974153423595,-0.07331637846758325,-1.1046840350953282
641,345,ΣPh,2.1046839438127596,-0.07331637846758325,-1.1046840350953282
642,345,HCHO,2.1046839438127596,-0.07331637846758325,-1.1046840350953282
643,345,B,2.1046839438127596,-0.07331637846758325,-1.1046840350953282
644,345,Ni,2.1046839438127596,-0.07331637846758325,-1.1046840350953282
645,345,Ga,2.1046839438127596,-0.07331637846758325,-1.1046840350953282
646,345,Sr,2.1046839438127596,-0.07331637846758325,-1.1046840350953282
647,345,Sb,2.1046839438127596,-0.07331637846758325,-1.1046840350953282
648,345,Ba,2.1046839438127596,-0.07331637846758325,-1.1046840350953282
649,345,Naftalen,2.1046839438127596,-0.07331637846758325,-1.1046840350953282
650,345,Acenaftylen,2.1046839438127596,-0.07331637846758325,-1.1046840350953282
651,345,Acenaften,2.1046839438127596,-0.07331637846758325,-1.1046840350953282
652,345,Fenantren,2.1046839438127596,-0.07331637846758325,-1.1046840350953282
653,347,Ni,1.1472715473532962,-1.1185313585298893,0.37174888551820906
654,348,"['EC', 'Fluoren']",1.0321591495321152,-0.03333333333333335,-1.0638587686448786
655,348,"['Li', 'Antracen']",1.0321591495321152,-0.03333333333333335,-1.0638587686448786
656,348,"['V', 'As']",2.063858689002109,-0.03333333333333335,-1.0638587686448786
657,348,"['Mn', 'Fe', 'Co']",2.063858689002109,-0.03333333333333335,-1.0638587686448786
658,348,"['Co', 'Mn']",2.063858689002109,-0.03333333333333335,-1.0638587686448786
659,348,"['Cu', 'Cr', 'Cd', 'Pb']",1.0316995394699937,-0.03333333333333335,-1.0638587686448786
660,348,"['Zn', 'U']",1.0316995394699937,-0.03333333333333335,-1.0638587686448786
661,348,"['Rb', 'Piren']",1.0316995394699937,-0.03333333333333335,-1.0638587686448786
662,348,"['Se', 'Mo']",2.063858689002109,-0.03333333333333335,-1.0638587686448786
663,348,"['Cd', 'Cu', 'Pb']",1.0316995394699937,-0.03333333333333335,-1.0638587686448786
664,348,"['Fluoranten', 'Fluoren']",2.063858689002109,-0.03333333333333335,-1.0638587686448786
665,348,TOC,2.063858689002109,-0.03333333333333335,-1.0638587686448786
666,348,ΣPh,2.063858689002109,-0.03333333333333335,-1.0638587686448786
667,348,HCHO,2.063858689002109,-0.03333333333333335,-1.0638587686448786
668,348,B,2.063858689002109,-0.03333333333333335,-1.0638587686448786
669,348,Ni,2.063858689002109,-0.03333333333333335,-1.0638587686448786
670,348,Ga,2.063858689002109,-0.03333333333333335,-1.0638587686448786
671,348,Sr,2.063858689002109,-0.03333333333333335,-1.0638587686448786
672,348,Sb,2.063858689002109,-0.03333333333333335,-1.0638587686448786
673,348,Ba,2.063858689002109,-0.03333333333333335,-1.0638587686448786
674,348,Naftalen,2.063858689002109,-0.03333333333333335,-1.0638587686448786
675,348,Acenaftylen,2.063858689002109,-0.03333333333333335,-1.0638587686448786
676,348,Acenaften,2.063858689002109,-0.03333333333333335,-1.0638587686448786
677,348,Fenantren,2.063858689002109,-0.03333333333333335,-1.0638587686448786
678,350,"['EC', 'Fluoren']",1.2617950276865002,-0.2696288441703607,-1.1206430215857073
679,350,"['Li', 'Antracen']",1.9389670498139506,-0.2696288441703607,-1.1206430215857073
680,350,"['Al', 'Fe']",1.2946915213657497,-0.2696288441703607,-1.1206430215857073
681,350,"['V', 'As']",2.314227897045846,-0.2696288441703607,-1.1206430215857073
682,350,"['Cr', 'Fe', 'Cu']",1.6333966269659748,-0.2696288441703607,-1.1206430215857073
683,350,"['Mn', 'Fe', 'Co']",1.2568457224356084,-0.2696288441703607,-1.1206430215857073
684,350,"['Fe', 'Al', 'Cr', 'Mn']",1.7461216041759091,-0.2696288441703607,-1.1206430215857073
685,350,"['Co', 'Mn']",1.297421577711914,-0.2696288441703607,-1.1206430215857073
686,350,"['Cu', 'Cr', 'Cd', 'Pb']",1.6067073746560028,-0.2696288441703607,-1.1206430215857073
687,350,"['Zn', 'U']",1.22281494161305,-0.2696288441703607,-1.1206430215857073
688,350,"['Rb', 'Piren']",1.6195662788226775,-0.2696288441703607,-1.1206430215857073
689,350,"['Se', 'Mo']",2.0540227004921876,-0.2696288441703607,-1.1206430215857073
690,350,"['Cd', 'Cu', 'Pb']",1.2768534286447686,-0.2696288441703607,-1.1206430215857073
691,350,"['Fluoranten', 'Fluoren']",2.120641631496055,-0.2696288441703607,-1.1206430215857073
692,350,pH,1.7428445228402438,-0.2696288441703607,-1.1206430215857073
693,350,TOC,2.1185010167196023,-0.2696288441703607,-1.1206430215857073
694,350,ΣPh,2.120642248777199,-0.2696288441703607,-1.1206430215857073
695,350,HCHO,2.120641631496055,-0.2696288441703607,-1.1206430215857073
696,350,B,2.1899152406865543,-0.2696288441703607,-1.1206430215857073
697,350,Ni,2.1189698544944098,-0.2696288441703607,-1.1206430215857073
698,350,Ga,2.118576947527185,-0.2696288441703607,-1.1206430215857073
699,350,Sr,2.1203595207079915,-0.2696288441703607,-1.1206430215857073
700,350,Sb,2.3038198240453593,-0.2696288441703607,-1.1206430215857073
701,350,Ba,2.1202886986700022,-0.2696288441703607,-1.1206430215857073
702,350,Naftalen,2.1240785870382717,-0.2696288441703607,-1.1206430215857073
703,350,Acenaftylen,2.12181016735752,-0.2696288441703607,-1.1206430215857073
704,350,Acenaften,2.1204963532834724,-0.2696288441703607,-1.1206430215857073
705,350,Fenantren,2.120750119187754,-0.2696288441703607,-1.1206430215857073
706,354,Sb,1.895128416370734,-2.546276411665176,0.9999998620140267
707,360,"['V', 'As']",1.0097348766408434,-0.2842877369761332,-0.035431852469804515
708,360,"['Cr', 'Fe', 'Cu']",1.1327246247981049,-0.2842877369761332,-0.035431852469804515
709,360,"['Mn', 'Fe', 'Co']",1.1660556944060234,-0.2842877369761332,-0.035431852469804515
710,360,"['Fe', 'Al', 'Cr', 'Mn']",1.0349735234492905,-0.2842877369761332,-0.035431852469804515
711,360,"['Co', 'Mn']",1.0608700901515138,-0.2842877369761332,-0.035431852469804515
712,360,"['Zn', 'U']",1.1545235716858677,-0.2842877369761332,-0.035431852469804515
713,360,"['Fluoranten', 'Fluoren']",1.0354304891232173,-0.2842877369761332,-0.035431852469804515
714,360,TOC,1.0503804536044785,-0.2842877369761332,-0.035431852469804515
715,360,ΣPh,1.0280495784323098,-0.2842877369761332,-0.035431852469804515
716,360,HCHO,1.0371838639461646,-0.2842877369761332,-0.035431852469804515
717,360,B,1.0373490004664938,-0.2842877369761332,-0.035431852469804515
718,360,Ni,1.0510861337225137,-0.2842877369761332,-0.035431852469804515
719,360,Ga,1.0390920008888487,-0.2842877369761332,-0.035431852469804515
720,360,Sr,1.047218646860915,-0.2842877369761332,-0.035431852469804515
721,360,Sb,1.0354304891232173,-0.2842877369761332,-0.035431852469804515
722,360,Ba,1.067514206192083,-0.2842877369761332,-0.035431852469804515
723,360,Naftalen,1.0361913851383275,-0.2842877369761332,-0.035431852469804515
724,360,Acenaftylen,1.1898101704982245,-0.2842877369761332,-0.035431852469804515
725,360,Acenaften,1.0352485145758608,-0.2842877369761332,-0.035431852469804515
726,360,Fenantren,1.0355287760121237,-0.2842877369761332,-0.035431852469804515
727,362,"['Fe', 'Al', 'Cr', 'Mn']",2.205713732529367,-0.16757955174913652,-0.47040557926685156
728,362,"['Co', 'Mn']",2.205713732529367,-0.16757955174913652,-0.47040557926685156
729,362,"['Cu', 'Cr', 'Cd', 'Pb']",1.4704052717103786,-0.16757955174913652,-0.47040557926685156
730,362,"['Zn', 'U']",1.4704052717103786,-0.16757955174913652,-0.47040557926685156
731,362,"['Rb', 'Piren']",1.4704052717103786,-0.16757955174913652,-0.47040557926685156
732,362,"['Se', 'Mo']",1.4704052717103786,-0.16757955174913652,-0.47040557926685156
733,362,"['Cd', 'Cu', 'Pb']",1.4704052717103786,-0.16757955174913652,-0.47040557926685156
734,362,"['Fluoren', 'EC', 'Fluoranten']",1.4704052717103786,-0.16757955174913652,-0.47040557926685156
735,362,"['Fluoranten', 'Fluoren']",1.4704052717103786,-0.16757955174913652,-0.47040557926685156
736,362,pH,1.4704052717103786,-0.16757955174913652,-0.47040557926685156
737,362,TOC,1.4704052717103786,-0.16757955174913652,-0.47040557926685156
738,362,ΣPh,2.205713732529367,-0.16757955174913652,-0.47040557926685156
739,362,HCHO,1.4704052717103786,-0.16757955174913652,-0.47040557926685156
740,362,B,1.4704052717103786,-0.16757955174913652,-0.47040557926685156
741,362,Ni,1.4704052717103786,-0.16757955174913652,-0.47040557926685156
742,362,Ga,1.4704052717103786,-0.16757955174913652,-0.47040557926685156
743,362,Sr,1.4704052717103786,-0.16757955174913652,-0.47040557926685156
744,362,Sb,1.4704052717103786,-0.16757955174913652,-0.47040557926685156
745,362,Ba,1.4704052717103786,-0.16757955174913652,-0.47040557926685156
746,362,Naftalen,1.4704052717103786,-0.16757955174913652,-0.47040557926685156
747,362,Acenaftylen,1.4704052717103786,-0.16757955174913652,-0.47040557926685156
748,362,Acenaften,1.4704052717103786,-0.16757955174913652,-0.47040557926685156
749,362,Fenantren,1.4704052717103786,-0.16757955174913652,-0.47040557926685156
750,364,"['Fe', 'Al', 'Cr', 'Mn']",1.1261288902507924,-0.13156901230877419,0.8980156455494761
751,364,"['Co', 'Mn']",1.1280043231257761,-0.13156901230877419,0.8980156455494761
752,364,ΣPh,1.1252762547557955,-0.13156901230877419,0.8980156455494761
753,365,HCHO,1.6945108639912498,-0.06664737178958768,0.9999998388060739
754,372,"['Li', 'Antracen']",1.2784816846433231,-0.11996146178049046,0.5592725601697391
755,372,"['Cr', 'Fe', 'Cu']",1.012919652519095,-0.11996146178049046,0.5592725601697391
756,374,"['Li', 'Antracen']",1.0566733193439735,-0.07157016907767147,-0.14177852716789108
757,374,"['Al', 'Fe']",1.0565812741286345,-0.07157016907767147,-0.14177852716789108
758,374,"['V', 'As']",1.0565812741286345,-0.07157016907767147,-0.14177852716789108
759,374,"['Mn', 'Fe', 'Co']",1.0566733193439735,-0.07157016907767147,-0.14177852716789108
760,374,"['Fe', 'Al', 'Cr', 'Mn']",1.063445360050834,-0.07157016907767147,-0.14177852716789108
761,374,"['Co', 'Mn']",1.0582823267069048,-0.07157016907767147,-0.14177852716789108
762,374,"['Cu', 'Cr', 'Cd', 'Pb']",1.107821580704263,-0.07157016907767147,-0.14177852716789108
763,374,"['Zn', 'U']",1.1129107523364508,-0.07157016907767147,-0.14177852716789108
764,374,"['Rb', 'Piren']",1.1079136259196023,-0.07157016907767147,-0.14177852716789108
765,374,"['Se', 'Mo']",1.107827641872129,-0.07157016907767147,-0.14177852716789108
766,374,"['Cd', 'Cu', 'Pb']",1.107821580704263,-0.07157016907767147,-0.14177852716789108
767,374,"['Fluoren', 'EC', 'Fluoranten']",1.112904691168585,-0.07157016907767147,-0.14177852716789108
768,374,"['Fluoranten', 'Fluoren']",1.1417780776821715,-0.07157016907767147,-0.14177852716789108
769,374,pH,1.1079075647517365,-0.07157016907767147,-0.14177852716789108
770,374,TOC,1.1417780776821715,-0.07157016907767147,-0.14177852716789108
771,374,ΣPh,1.093927753927352,-0.07157016907767147,-0.14177852716789108
772,374,HCHO,1.1434173148320361,-0.07157016907767147,-0.14177852716789108
773,374,B,1.1417780776821715,-0.07157016907767147,-0.14177852716789108
774,374,Ga,1.1417780776821715,-0.07157016907767147,-0.14177852716789108
775,374,Sr,1.1417780776821715,-0.07157016907767147,-0.14177852716789108
776,374,Sb,1.1417780776821715,-0.07157016907767147,-0.14177852716789108
777,374,Ba,1.1417780776821715,-0.07157016907767147,-0.14177852716789108
778,374,Naftalen,1.1417780776821715,-0.07157016907767147,-0.14177852716789108
779,374,Acenaftylen,1.1417780776821715,-0.07157016907767147,-0.14177852716789108
780,374,Acenaften,1.1417780776821715,-0.07157016907767147,-0.14177852716789108
781,374,Fenantren,1.1417780776821715,-0.07157016907767147,-0.14177852716789108
782,375,Sr,1.4831005123686911,-0.06923076923076925,0.787956396745906
783,378,B,1.8956221949723036,-0.1199614617804905,0.999999811360402
784,379,"['Fe', 'Al', 'Cr', 'Mn']",1.0410258642455563,-0.2545222761054623,-0.13144476857399834
785,379,"['Cu', 'Cr', 'Cd', 'Pb']",1.007820459707089,-0.2545222761054623,-0.13144476857399834
786,379,"['Zn', 'U']",1.120579644110173,-0.2545222761054623,-0.13144476857399834
787,379,"['Se', 'Mo']",1.1343462739479988,-0.2545222761054623,-0.13144476857399834
788,379,"['Fluoranten', 'Fluoren']",1.1314430167755276,-0.2545222761054623,-0.13144476857399834
789,379,TOC,1.129766707125201,-0.2545222761054623,-0.13144476857399834
790,379,ΣPh,1.0139179217200422,-0.2545222761054623,-0.13144476857399834
791,379,HCHO,1.1325290704335882,-0.2545222761054623,-0.13144476857399834
792,379,B,1.1359024325967595,-0.2545222761054623,-0.13144476857399834
793,379,Ni,1.0675559257116243,-0.2545222761054623,-0.13144476857399834
794,379,Ga,1.1310977896648406,-0.2545222761054623,-0.13144476857399834
795,379,Sr,1.138598051488323,-0.2545222761054623,-0.13144476857399834
796,379,Sb,1.1317724536778235,-0.2545222761054623,-0.13144476857399834
797,379,Ba,1.219830805991494,-0.2545222761054623,-0.13144476857399834
798,379,Naftalen,1.1353740356984017,-0.2545222761054623,-0.13144476857399834
799,379,Acenaftylen,1.2395148284602704,-0.2545222761054623,-0.13144476857399834
800,379,Acenaften,1.1753999557996413,-0.2545222761054623,-0.13144476857399834
801,379,Fenantren,1.1314430167755276,-0.2545222761054623,-0.13144476857399834
802,384,"['Cr', 'Fe', 'Cu']",1.7771855084027224,-0.07997411785472756,-0.9020472304955436
803,384,"['Mn', 'Fe', 'Co']",1.7702242346015458,-0.07997411785472756,-0.9020472304955436
804,384,"['Fe', 'Al', 'Cr', 'Mn']",1.780527923813827,-0.07997411785472756,-0.9020472304955436
805,384,"['Co', 'Mn']",1.780527923813827,-0.07997411785472756,-0.9020472304955436
806,384,"['Cu', 'Cr', 'Cd', 'Pb']",1.9123502604075069,-0.07997411785472756,-0.9020472304955436
807,384,"['Zn', 'U']",1.912350260407507,-0.07997411785472756,-0.9020472304955436
808,384,"['Rb', 'Piren']",1.9123502604075064,-0.07997411785472756,-0.9020472304955436
809,384,"['Se', 'Mo']",1.912350260407507,-0.07997411785472756,-0.9020472304955436
810,384,"['Cd', 'Cu', 'Pb']",1.7292898037572977,-0.07997411785472756,-0.9020472304955436
811,384,"['Fluoren', 'EC', 'Fluoranten']",1.9020465711952255,-0.07997411785472756,-0.9020472304955436
812,384,"['Fluoranten', 'Fluoren']",1.9020465711952257,-0.07997411785472756,-0.9020472304955436
813,384,pH,1.9020465711952257,-0.07997411785472756,-0.9020472304955436
814,384,TOC,1.9020465711952255,-0.07997411785472756,-0.9020472304955436
815,384,ΣPh,1.9020465711952257,-0.07997411785472756,-0.9020472304955436
816,384,HCHO,1.9020465711952257,-0.07997411785472756,-0.9020472304955436
817,384,B,1.9020465711952257,-0.07997411785472756,-0.9020472304955436
818,384,Ni,1.9020465711952257,-0.07997411785472756,-0.9020472304955436
819,384,Ga,1.9020465711952257,-0.07997411785472756,-0.9020472304955436
820,384,Sr,1.9020465711952257,-0.07997411785472756,-0.9020472304955436
821,384,Sb,1.9020465711952257,-0.07997411785472756,-0.9020472304955436
822,384,Ba,1.9020465711952257,-0.07997411785472756,-0.9020472304955436
823,384,Naftalen,1.9020465711952257,-0.07997411785472756,-0.9020472304955436
824,384,Acenaftylen,1.9020465711952257,-0.07997411785472756,-0.9020472304955436
825,384,Acenaften,1.9020465711952257,-0.07997411785472756,-0.9020472304955436
826,384,Fenantren,1.9020465711952257,-0.07997411785472756,-0.9020472304955436
827,385,"['EC', 'Fluoren']",2.3171617462604077,-0.07330730751479782,-1.0291718601542277
828,385,"['Li', 'Antracen']",2.418306583577454,-0.07330730751479782,-1.0291718601542277
829,385,"['Al', 'Fe']",2.2163292394912357,-0.07330730751479782,-1.0291718601542277
830,385,"['V', 'As']",1.9878075074132366,-0.07330730751479782,-1.0291718601542277
831,385,"['Cr', 'Fe', 'Cu']",2.4180206863887905,-0.07330730751479782,-1.0291718601542277
832,385,"['Mn', 'Fe', 'Co']",2.3171617462604086,-0.07330730751479782,-1.0291718601542277
833,385,"['Fe', 'Al', 'Cr', 'Mn']",2.4492787472610695,-0.07330730751479782,-1.0291718601542277
834,385,"['Co', 'Mn']",1.8866626700961908,-0.07330730751479782,-1.0291718601542277
835,385,"['Cu', 'Cr', 'Cd', 'Pb']",2.3224574682132895,-0.07330730751479782,-1.0291718601542277
836,385,"['Zn', 'U']",1.8919583920490726,-0.07330730751479782,-1.0291718601542277
837,385,"['Rb', 'Piren']",1.8866626700961908,-0.07330730751479782,-1.0291718601542277
838,385,"['Se', 'Mo']",1.939255214299609,-0.07330730751479782,-1.0291718601542277
839,385,"['Cd', 'Cu', 'Pb']",1.886648939806757,-0.07330730751479782,-1.0291718601542277
840,385,"['Fluoren', 'EC', 'Fluoranten']",1.8286201679000775,-0.07330730751479782,-1.0291718601542277
841,385,"['Fluoranten', 'Fluoren']",2.029171302425026,-0.07330730751479782,-1.0291718601542277
842,385,pH,2.0401141544279913,-0.07330730751479782,-1.0291718601542277
843,385,TOC,2.029171302425026,-0.07330730751479782,-1.0291718601542277
844,385,ΣPh,2.029171302425026,-0.07330730751479782,-1.0291718601542277
845,385,HCHO,2.029171302425026,-0.07330730751479782,-1.0291718601542277
846,385,B,2.029171302425026,-0.07330730751479782,-1.0291718601542277
847,385,Ni,2.029171302425026,-0.07330730751479782,-1.0291718601542277
848,385,Ga,2.029171302425026,-0.07330730751479782,-1.0291718601542277
849,385,Sr,2.029171302425026,-0.07330730751479782,-1.0291718601542277
850,385,Sb,2.029171302425026,-0.07330730751479782,-1.0291718601542277
851,385,Ba,2.029171302425026,-0.07330730751479782,-1.0291718601542277
852,385,Naftalen,2.029171302425026,-0.07330730751479782,-1.0291718601542277
853,385,Acenaftylen,2.029171302425026,-0.07330730751479782,-1.0291718601542277
854,385,Acenaften,2.029171302425026,-0.07330730751479782,-1.0291718601542277
855,385,Fenantren,2.029171302425026,-0.07330730751479782,-1.0291718601542277
856,386,"['Fluoren', 'EC', 'Fluoranten']",1.0168190361162743,-0.3440591535035261,-0.02446653688939482
857,386,"['Fluoranten', 'Fluoren']",1.0244649780064443,-0.3440591535035261,-0.02446653688939482
858,386,pH,1.0242859803849331,-0.3440591535035261,-0.02446653688939482
859,386,ΣPh,1.0235028196612235,-0.3440591535035261,-0.02446653688939482
860,386,HCHO,1.0248056078579628,-0.3440591535035261,-0.02446653688939482
861,386,B,1.0258536813863257,-0.3440591535035261,-0.02446653688939482
862,386,Ni,1.3497610493407626,-0.3440591535035261,-0.02446653688939482
863,386,Ga,1.02447337705786,-0.3440591535035261,-0.02446653688939482
864,386,Sr,1.0194265852215252,-0.3440591535035261,-0.02446653688939482
865,386,Sb,1.0240194255384276,-0.3440591535035261,-0.02446653688939482
866,386,Ba,1.0279138558194383,-0.3440591535035261,-0.02446653688939482
867,386,Naftalen,1.0244649780064443,-0.3440591535035261,-0.02446653688939482
868,386,Acenaftylen,1.024765852520121,-0.3440591535035261,-0.02446653688939482
869,386,Acenaften,1.1479782991821588,-0.3440591535035261,-0.02446653688939482
870,386,Fenantren,1.0267424579528517,-0.3440591535035261,-0.02446653688939482
871,387,"['V', 'As']",1.1947086083944387,-0.2996598711863089,0.18961490598333697
872,387,"['Mn', 'Fe', 'Co']",1.1947102980849702,-0.2996598711863089,0.18961490598333697
873,387,"['Zn', 'U']",1.171047514584091,-0.2996598711863089,0.18961490598333697
874,389,"['Zn', 'U']",1.0634341234882714,-0.07330730751479786,0.05666684263098509
875,389,Ba,1.8946748511167062,-0.07330730751479786,0.05666684263098509
876,390,Ba,2.0638106363081947,-0.033333333333333305,0.9999998832253651
877,392,"['EC', 'Fluoren']",1.0659211561627067,-0.07330730751479782,-0.06592164464641792
878,392,"['Li', 'Antracen']",1.0659211561627067,-0.07330730751479782,-0.06592164464641792
879,392,"['Al', 'Fe']",1.0659211561627067,-0.07330730751479782,-0.06592164464641792
880,392,"['V', 'As']",1.0659211561627067,-0.07330730751479782,-0.06592164464641792
881,392,"['Cr', 'Fe', 'Cu']",1.0659211561627067,-0.07330730751479782,-0.06592164464641792
882,392,"['Mn', 'Fe', 'Co']",1.0659211561627067,-0.07330730751479782,-0.06592164464641792
883,392,"['Fe', 'Al', 'Cr', 'Mn']",1.0659211561627067,-0.07330730751479782,-0.06592164464641792
884,392,"['Co', 'Mn']",1.0659211561627067,-0.07330730751479782,-0.06592164464641792
885,392,"['Cu', 'Cr', 'Cd', 'Pb']",1.0659211561627067,-0.07330730751479782,-0.06592164464641792
886,392,"['Zn', 'U']",1.0659211561627067,-0.07330730751479782,-0.06592164464641792
887,392,"['Rb', 'Piren']",1.0659211561627067,-0.07330730751479782,-0.06592164464641792
888,392,"['Se', 'Mo']",1.0659211561627067,-0.07330730751479782,-0.06592164464641792
889,392,"['Cd', 'Cu', 'Pb']",1.0659211561627067,-0.07330730751479782,-0.06592164464641792
890,392,"['Fluoren', 'EC', 'Fluoranten']",1.0659211561627067,-0.07330730751479782,-0.06592164464641792
891,392,"['Fluoranten', 'Fluoren']",1.0659211561627067,-0.07330730751479782,-0.06592164464641792
892,392,pH,1.0659211561627067,-0.07330730751479782,-0.06592164464641792
893,392,TOC,1.0659211561627067,-0.07330730751479782,-0.06592164464641792
894,392,ΣPh,1.0659211561627067,-0.07330730751479782,-0.06592164464641792
895,392,HCHO,1.0659211561627067,-0.07330730751479782,-0.06592164464641792
896,392,B,1.0659211561627067,-0.07330730751479782,-0.06592164464641792
897,392,Ni,1.0659211561627067,-0.07330730751479782,-0.06592164464641792
898,392,Ga,1.0659211561627067,-0.07330730751479782,-0.06592164464641792
899,392,Sr,1.0659211561627067,-0.07330730751479782,-0.06592164464641792
900,392,Sb,1.0659211561627067,-0.07330730751479782,-0.06592164464641792
901,392,Ba,1.0659211561627067,-0.07330730751479782,-0.06592164464641792
902,392,Naftalen,1.0659211561627067,-0.07330730751479782,-0.06592164464641792
903,392,Acenaftylen,1.0659211561627067,-0.07330730751479782,-0.06592164464641792
904,392,Acenaften,1.0659211561627067,-0.07330730751479782,-0.06592164464641792
905,392,Fenantren,1.0659211561627067,-0.07330730751479782,-0.06592164464641792
906,393,HCHO,2.2062860331463234,-0.09999999999999995,0.9998900944007407
907,394,"['EC', 'Fluoren']",2.0638106363081943,-0.039999999999999994,-1.0638107530828296
908,394,"['Li', 'Antracen']",2.0638106363081943,-0.039999999999999994,-1.0638107530828296
909,394,"['Al', 'Fe']",2.0638106363081947,-0.039999999999999994,-1.0638107530828296
910,394,"['V', 'As']",2.0638106363081947,-0.039999999999999994,-1.0638107530828296
911,394,"['Cr', 'Fe', 'Cu']",2.0638106363081947,-0.039999999999999994,-1.0638107530828296
912,394,"['Mn', 'Fe', 'Co']",2.0638106363081943,-0.039999999999999994,-1.0638107530828296
913,394,"['Fe', 'Al', 'Cr', 'Mn']",2.0638106363081947,-0.039999999999999994,-1.0638107530828296
914,394,"['Co', 'Mn']",2.0638106363081943,-0.039999999999999994,-1.0638107530828296
915,394,"['Cu', 'Cr', 'Cd', 'Pb']",2.0638106363081943,-0.039999999999999994,-1.0638107530828296
916,394,"['Zn', 'U']",2.0638106363081947,-0.039999999999999994,-1.0638107530828296
917,394,"['Rb', 'Piren']",2.0638106363081947,-0.039999999999999994,-1.0638107530828296
918,394,"['Se', 'Mo']",2.0638106363081943,-0.039999999999999994,-1.0638107530828296
919,394,"['Cd', 'Cu', 'Pb']",2.0638106363081947,-0.039999999999999994,-1.0638107530828296
920,394,"['Fluoren', 'EC', 'Fluoranten']",2.0638106363081947,-0.039999999999999994,-1.0638107530828296
921,394,"['Fluoranten', 'Fluoren']",2.0638106363081947,-0.039999999999999994,-1.0638107530828296
922,394,pH,2.0638106363081943,-0.039999999999999994,-1.0638107530828296
923,394,TOC,2.0638106363081947,-0.039999999999999994,-1.0638107530828296
924,394,ΣPh,2.0638106363081947,-0.039999999999999994,-1.0638107530828296
925,394,HCHO,2.0638106363081947,-0.039999999999999994,-1.0638107530828296
926,394,B,2.0638106363081947,-0.039999999999999994,-1.0638107530828296
927,394,Ni,2.0638106363081947,-0.039999999999999994,-1.0638107530828296
928,394,Ga,2.0638106363081947,-0.039999999999999994,-1.0638107530828296
929,394,Sr,2.0638106363081947,-0.039999999999999994,-1.0638107530828296
930,394,Sb,2.0638106363081947,-0.039999999999999994,-1.0638107530828296
931,394,Ba,2.0638106363081947,-0.039999999999999994,-1.0638107530828296
932,394,Naftalen,2.0638106363081947,-0.039999999999999994,-1.0638107530828296
933,394,Acenaftylen,2.0638106363081947,-0.039999999999999994,-1.0638107530828296
934,394,Acenaften,2.0638106363081947,-0.039999999999999994,-1.0638107530828296
935,394,Fenantren,2.0638106363081947,-0.039999999999999994,-1.0638107530828296
936,395,"['EC', 'Fluoren']",1.0556180412376661,-0.07999999999999999,-0.3426563755950438
937,395,"['Li', 'Antracen']",1.0587160157175275,-0.07999999999999999,-0.3426563755950438
938,395,"['Al', 'Fe']",1.0760871070851874,-0.07999999999999999,-0.3426563755950438
939,395,"['V', 'As']",1.0583944473545692,-0.07999999999999999,-0.3426563755950438
940,395,"['Cr', 'Fe', 'Cu']",1.6372002715075271,-0.07999999999999999,-0.3426563755950438
941,395,"['Mn', 'Fe', 'Co']",1.3391452945446631,-0.07999999999999999,-0.3426563755950438
942,395,"['Fe', 'Al', 'Cr', 'Mn']",1.1083902279343265,-0.07999999999999999,-0.3426563755950438
943,395,"['Co', 'Mn']",1.3926132643176117,-0.07999999999999999,-0.3426563755950438
944,395,"['Cu', 'Cr', 'Cd', 'Pb']",1.6086013799160332,-0.07999999999999999,-0.3426563755950438
945,395,"['Zn', 'U']",1.3483921412988036,-0.07999999999999999,-0.3426563755950438
946,395,"['Se', 'Mo']",1.3189375370912915,-0.07999999999999999,-0.3426563755950438
947,395,"['Cd', 'Cu', 'Pb']",1.0549368933581262,-0.07999999999999999,-0.3426563755950438
948,395,"['Fluoren', 'EC', 'Fluoranten']",1.062412784590501,-0.07999999999999999,-0.3426563755950438
949,395,"['Fluoranten', 'Fluoren']",1.3426549043364384,-0.07999999999999999,-0.3426563755950438
950,395,pH,1.3447377339358664,-0.07999999999999999,-0.3426563755950438
951,395,TOC,1.342651556278151,-0.07999999999999999,-0.3426563755950438
952,395,ΣPh,1.3402927808788332,-0.07999999999999999,-0.3426563755950438
953,395,HCHO,1.3426549985677538,-0.07999999999999999,-0.3426563755950438
954,395,B,1.3426762213909453,-0.07999999999999999,-0.3426563755950438
955,395,Ni,1.343178487702823,-0.07999999999999999,-0.3426563755950438
956,395,Ga,1.3426549043364384,-0.07999999999999999,-0.3426563755950438
957,395,Sr,1.3663013393516585,-0.07999999999999999,-0.3426563755950438
958,395,Sb,1.3421210964776464,-0.07999999999999999,-0.3426563755950438
959,395,Ba,1.344123527261149,-0.07999999999999999,-0.3426563755950438
960,395,Naftalen,1.342654231448154,-0.07999999999999999,-0.3426563755950438
961,395,Acenaftylen,1.3426549043364384,-0.07999999999999999,-0.3426563755950438
962,395,Acenaften,1.3471186152161485,-0.07999999999999999,-0.3426563755950438
963,395,Fenantren,1.3428012057568823,-0.07999999999999999,-0.3426563755950438
964,396,Ba,2.0638106363081947,-0.033333333333333305,0.9999998832253651
965,397,"['EC', 'Fluoren']",1.3012928835979751,-0.09999999999999995,-0.7225881245415033
966,397,"['Li', 'Antracen']",1.5342956888435335,-0.09999999999999995,-0.7225881245415033
967,397,"['Al', 'Fe']",1.1017596493180144,-0.09999999999999995,-0.7225881245415033
968,397,"['V', 'As']",1.292979352319503,-0.09999999999999995,-0.7225881245415033
969,397,"['Cr', 'Fe', 'Cu']",1.1780068805119803,-0.09999999999999995,-0.7225881245415033
970,397,"['Mn', 'Fe', 'Co']",1.3526250262139978,-0.09999999999999995,-0.7225881245415033
971,397,"['Fe', 'Al', 'Cr', 'Mn']",1.0102732425258645,-0.09999999999999995,-0.7225881245415033
972,397,"['Cu', 'Cr', 'Cd', 'Pb']",1.0279623178178812,-0.09999999999999995,-0.7225881245415033
973,397,"['Rb', 'Piren']",2.080840498723874,-0.09999999999999995,-0.7225881245415033
974,397,"['Se', 'Mo']",1.0260571963216782,-0.09999999999999995,-0.7225881245415033
975,397,"['Fluoren', 'EC', 'Fluoranten']",1.5082084406844942,-0.09999999999999995,-0.7225881245415033
976,397,"['Fluoranten', 'Fluoren']",1.72258715352139,-0.09999999999999995,-0.7225881245415033
977,397,TOC,1.72258715352139,-0.09999999999999995,-0.7225881245415033
978,397,ΣPh,1.7225077396509196,-0.09999999999999995,-0.7225881245415033
979,397,HCHO,1.72258715352139,-0.09999999999999995,-0.7225881245415033
980,397,B,1.72258715352139,-0.09999999999999995,-0.7225881245415033
981,397,Ni,1.72258715352139,-0.09999999999999995,-0.7225881245415033
982,397,Ga,1.723089877087494,-0.09999999999999995,-0.7225881245415033
983,397,Sr,1.7226036383692267,-0.09999999999999995,-0.7225881245415033
984,397,Sb,1.7230868736466511,-0.09999999999999995,-0.7225881245415033
985,397,Ba,1.72258715352139,-0.09999999999999995,-0.7225881245415033
986,397,Naftalen,1.7226840142111703,-0.09999999999999995,-0.7225881245415033
987,397,Acenaftylen,1.72258715352139,-0.09999999999999995,-0.7225881245415033
988,397,Acenaften,1.727215346951189,-0.09999999999999995,-0.7225881245415033
989,397,Fenantren,1.7225872009961103,-0.09999999999999995,-0.7225881245415033
990,400,"['Cr', 'Fe', 'Cu']",1.9326919110888496,-0.06664049717486811,-0.9270205813471117
991,400,"['Mn', 'Fe', 'Co']",1.6563225014039784,-0.06664049717486811,-0.9270205813471117
992,400,"['Cu', 'Cr', 'Cd', 'Pb']",1.9125875931838632,-0.06664049717486811,-0.9270205813471117
993,400,"['Zn', 'U']",1.6565886958061078,-0.06664049717486811,-0.9270205813471117
994,400,"['Rb', 'Piren']",1.6139667005357483,-0.06664049717486811,-0.9270205813471117
995,400,"['Se', 'Mo']",1.9125875931838632,-0.06664049717486811,-0.9270205813471117
996,400,"['Cd', 'Cu', 'Pb']",1.830639841526896,-0.06664049717486811,-0.9270205813471117
997,400,"['Fluoren', 'EC', 'Fluoranten']",1.615097767353388,-0.06664049717486811,-0.9270205813471117
998,400,"['Fluoranten', 'Fluoren']",1.9270197833959255,-0.06664049717486811,-0.9270205813471117
999,400,pH,1.3164768747052724,-0.06664049717486811,-0.9270205813471117
1000,400,TOC,1.6654740456744601,-0.06664049717486811,-0.9270205813471117
1001,400,ΣPh,1.9270207879447858,-0.06664049717486811,-0.9270205813471117
1002,400,HCHO,1.9270197833959255,-0.06664049717486811,-0.9270205813471117
1003,400,B,1.9270197833959255,-0.06664049717486811,-0.9270205813471117
1004,400,Ni,1.9145128624744037,-0.06664049717486811,-0.9270205813471117
1005,400,Ga,1.9270197833959255,-0.06664049717486811,-0.9270205813471117
1006,400,Sr,1.9270197833959255,-0.06664049717486811,-0.9270205813471117
1007,400,Sb,1.9119443148088466,-0.06664049717486811,-0.9270205813471117
1008,400,Ba,1.9269638588271087,-0.06664049717486811,-0.9270205813471117
1009,400,Naftalen,1.9270197913352716,-0.06664049717486811,-0.9270205813471117
1010,400,Acenaftylen,1.927294189814994,-0.06664049717486811,-0.9270205813471117
1011,400,Acenaften,1.9273742150167004,-0.06664049717486811,-0.9270205813471117
1012,400,Fenantren,1.9270197833959255,-0.06664049717486811,-0.9270205813471117
1013,401,Ni,1.0659211561627067,-0.29965987118630893,0.9999995115162887
1014,401,Fenantren,1.0659211561627067,-0.29965987118630893,0.9999995115162887
1015,403,Ni,1.0021085934488534,-0.07330730751479782,0.9928067977797956
1016,404,Acenaftylen,2.215314881440735,-0.07330730751479782,0.9853921057811353
1017,407,B,1.5108848935352759,-0.05925925925925921,0.7554883123153671
1018,409,HCHO,2.132394612650387,0.39999978329602515,0.9999998063777177
1019,410,"['Co', 'Mn']",1.268314457936385,-0.15999999999999992,0.3571153905655037
1020,410,"['Cu', 'Cr', 'Cd', 'Pb']",1.3262452912744598,-0.15999999999999992,0.3571153905655037
1021,410,"['Zn', 'U']",1.1420393987519764,-0.15999999999999992,0.3571153905655037
1022,410,"['Rb', 'Piren']",1.0737014461068184,-0.15999999999999992,0.3571153905655037
1023,410,"['Cd', 'Cu', 'Pb']",1.0690181374592633,-0.15999999999999992,0.3571153905655037
1024,410,"['Fluoren', 'EC', 'Fluoranten']",1.07470480546082,-0.15999999999999992,0.3571153905655037
1025,410,pH,1.0745366930809275,-0.15999999999999992,0.3571153905655037
1026,411,Ga,2.0630686876228865,-0.03333333333333326,0.9999995084525745
1027,416,"['Mn', 'Fe', 'Co']",1.1576117036810722,-0.039999999999999945,0.001472037994641906
1028,416,"['Fe', 'Al', 'Cr', 'Mn']",1.1023568522444507,-0.039999999999999945,0.001472037994641906
1029,416,Sb,1.1248813894277183,-0.039999999999999945,0.001472037994641906
1030,416,Acenaftylen,1.0171587041528076,-0.039999999999999945,0.001472037994641906
1031,417,Sb,2.063068687622886,-0.033333333333333305,0.9999995084525745
1032,419,"['Fe', 'Al', 'Cr', 'Mn']",2.0630686876228865,-0.03333333333333326,0.9999995084525745
1033,419,"['Co', 'Mn']",2.0630686876228865,-0.03333333333333326,0.9999995084525745
1034,419,ΣPh,2.0630686876228865,-0.03333333333333326,0.9999995084525745
1035,420,Sb,1.6360755466881427,-0.039999999999999945,0.27952304409554873
1036,421,"['Mn', 'Fe', 'Co']",1.0670755501583917,-0.039999999999999945,0.31044586921674167
1037,421,"['Fe', 'Al', 'Cr', 'Mn']",1.1054836231218164,-0.039999999999999945,0.31044586921674167
1038,421,"['Cu', 'Cr', 'Cd', 'Pb']",1.5940315065744475,-0.039999999999999945,0.31044586921674167
1039,421,"['Zn', 'U']",1.2410615991180811,-0.039999999999999945,0.31044586921674167
1040,421,"['Rb', 'Piren']",1.5375191129750951,-0.039999999999999945,0.31044586921674167
1041,421,"['Se', 'Mo']",1.1669902336198557,-0.039999999999999945,0.31044586921674167
1042,421,"['Cd', 'Cu', 'Pb']",1.1667855625515795,-0.039999999999999945,0.31044586921674167
1043,421,pH,1.2585839393837097,-0.039999999999999945,0.31044586921674167
1044,422,Ni,2.0630686876228865,-0.033333333333333305,0.9999995084525745
1045,423,"['EC', 'Fluoren']",2.0630686876228865,-0.039999999999999945,-1.063069179170312
1046,423,"['Li', 'Antracen']",2.063068687622886,-0.039999999999999945,-1.063069179170312
1047,423,"['V', 'As']",2.063068687622886,-0.039999999999999945,-1.063069179170312
1048,423,"['Cr', 'Fe', 'Cu']",2.0630686876228865,-0.039999999999999945,-1.063069179170312
1049,423,"['Mn', 'Fe', 'Co']",2.063068687622886,-0.039999999999999945,-1.063069179170312
1050,423,"['Fe', 'Al', 'Cr', 'Mn']",2.063068687622886,-0.039999999999999945,-1.063069179170312
1051,423,"['Co', 'Mn']",2.0630686876228865,-0.039999999999999945,-1.063069179170312
1052,423,"['Cu', 'Cr', 'Cd', 'Pb']",2.0630686876228865,-0.039999999999999945,-1.063069179170312
1053,423,"['Zn', 'U']",2.0630686876228865,-0.039999999999999945,-1.063069179170312
1054,423,"['Rb', 'Piren']",2.063068687622886,-0.039999999999999945,-1.063069179170312
1055,423,"['Se', 'Mo']",2.063068687622886,-0.039999999999999945,-1.063069179170312
1056,423,"['Cd', 'Cu', 'Pb']",2.0630686876228865,-0.039999999999999945,-1.063069179170312
1057,423,"['Fluoren', 'EC', 'Fluoranten']",2.0630686876228865,-0.039999999999999945,-1.063069179170312
1058,423,"['Fluoranten', 'Fluoren']",2.0630686876228865,-0.039999999999999945,-1.063069179170312
1059,423,pH,2.0630686876228865,-0.039999999999999945,-1.063069179170312
1060,423,TOC,2.0630686876228865,-0.039999999999999945,-1.063069179170312
1061,423,ΣPh,2.0630686876228865,-0.039999999999999945,-1.063069179170312
1062,423,HCHO,2.0630686876228865,-0.039999999999999945,-1.063069179170312
1063,423,B,2.0630686876228865,-0.039999999999999945,-1.063069179170312
1064,423,Ni,2.0630686876228865,-0.039999999999999945,-1.063069179170312
1065,423,Ga,2.0630686876228865,-0.039999999999999945,-1.063069179170312
1066,423,Sr,2.0630686876228865,-0.039999999999999945,-1.063069179170312
1067,423,Sb,2.0630686876228865,-0.039999999999999945,-1.063069179170312
1068,423,Ba,2.0630686876228865,-0.039999999999999945,-1.063069179170312
1069,423,Naftalen,2.0630686876228865,-0.039999999999999945,-1.063069179170312
1070,423,Acenaftylen,2.0630686876228865,-0.039999999999999945,-1.063069179170312
1071,423,Acenaften,2.0630686876228865,-0.039999999999999945,-1.063069179170312
1072,423,Fenantren,2.0630686876228865,-0.039999999999999945,-1.063069179170312
1073,429,Fenantren,2.0630686876228865,-0.033333333333333305,0.9999995084525745
1074,430,"['Cr', 'Fe', 'Cu']",1.1432149583804931,-0.039999999999999945,0.024612655347713064
1075,430,"['Cu', 'Cr', 'Cd', 'Pb']",1.1936989080289004,-0.039999999999999945,0.024612655347713064
1076,430,"['Rb', 'Piren']",1.0289836123522598,-0.039999999999999945,0.024612655347713064
1077,430,"['Se', 'Mo']",1.2037328185236431,-0.039999999999999945,0.024612655347713064
1078,430,"['Fluoren', 'EC', 'Fluoranten']",1.2925425436431808,-0.039999999999999945,0.024612655347713064
1079,430,pH,1.1111579122091815,-0.039999999999999945,0.024612655347713064
1080,431,B,2.063068687622886,-0.039999999999999945,0.9999995084525745
1081,432,Sb,2.063068687622886,-0.033333333333333305,0.9999995084525745
1082,434,Ba,2.0630686876228865,-0.033333333333333305,0.9999995084525745
1083,436,"['EC', 'Fluoren']",2.063068687622886,-0.033333333333333305,-1.063069179170312
1084,436,"['Li', 'Antracen']",2.0630686876228865,-0.033333333333333305,-1.063069179170312
1085,436,"['Al', 'Fe']",2.0630686876228865,-0.033333333333333305,-1.063069179170312
1086,436,"['V', 'As']",2.063068687622886,-0.033333333333333305,-1.063069179170312
1087,436,"['Cr', 'Fe', 'Cu']",2.0630686876228865,-0.033333333333333305,-1.063069179170312
1088,436,"['Mn', 'Fe', 'Co']",2.0630686876228865,-0.033333333333333305,-1.063069179170312
1089,436,"['Fe', 'Al', 'Cr', 'Mn']",2.0630686876228865,-0.033333333333333305,-1.063069179170312
1090,436,"['Co', 'Mn']",2.0630686876228865,-0.033333333333333305,-1.063069179170312
1091,436,"['Cu', 'Cr', 'Cd', 'Pb']",2.0630686876228865,-0.033333333333333305,-1.063069179170312
1092,436,"['Zn', 'U']",2.0630686876228865,-0.033333333333333305,-1.063069179170312
1093,436,"['Rb', 'Piren']",2.0630686876228865,-0.033333333333333305,-1.063069179170312
1094,436,"['Se', 'Mo']",2.0630686876228865,-0.033333333333333305,-1.063069179170312
1095,436,"['Cd', 'Cu', 'Pb']",2.0630686876228865,-0.033333333333333305,-1.063069179170312
1096,436,"['Fluoren', 'EC', 'Fluoranten']",2.0630686876228865,-0.033333333333333305,-1.063069179170312
1097,436,"['Fluoranten', 'Fluoren']",2.0630686876228865,-0.033333333333333305,-1.063069179170312
1098,436,pH,2.0630686876228865,-0.033333333333333305,-1.063069179170312
1099,436,TOC,2.0630686876228865,-0.033333333333333305,-1.063069179170312
1100,436,ΣPh,2.0630686876228865,-0.033333333333333305,-1.063069179170312
1101,436,HCHO,2.0630686876228865,-0.033333333333333305,-1.063069179170312
1102,436,B,2.0630686876228865,-0.033333333333333305,-1.063069179170312
1103,436,Ni,2.0630686876228865,-0.033333333333333305,-1.063069179170312
1104,436,Ga,2.0630686876228865,-0.033333333333333305,-1.063069179170312
1105,436,Sr,2.0630686876228865,-0.033333333333333305,-1.063069179170312
1106,436,Sb,2.0630686876228865,-0.033333333333333305,-1.063069179170312
1107,436,Ba,2.0630686876228865,-0.033333333333333305,-1.063069179170312
1108,436,Naftalen,2.0630686876228865,-0.033333333333333305,-1.063069179170312
1109,436,Acenaftylen,2.0630686876228865,-0.033333333333333305,-1.063069179170312
1110,436,Acenaften,2.0630686876228865,-0.033333333333333305,-1.063069179170312
1111,436,Fenantren,2.0630686876228865,-0.033333333333333305,-1.063069179170312
1112,437,"['Cr', 'Fe', 'Cu']",2.063068687622886,-0.039999999999999945,-1.0630691791703115
1113,437,"['Mn', 'Fe', 'Co']",2.0630686876228865,-0.039999999999999945,-1.0630691791703115
1114,437,"['Fe', 'Al', 'Cr', 'Mn']",2.0630686876228865,-0.039999999999999945,-1.0630691791703115
1115,437,"['Co', 'Mn']",2.0630686876228865,-0.039999999999999945,-1.0630691791703115
1116,437,"['Cu', 'Cr', 'Cd', 'Pb']",2.063068687622886,-0.039999999999999945,-1.0630691791703115
1117,437,"['Zn', 'U']",2.063068687622886,-0.039999999999999945,-1.0630691791703115
1118,437,"['Rb', 'Piren']",2.063068687622886,-0.039999999999999945,-1.0630691791703115
1119,437,"['Se', 'Mo']",2.063068687622886,-0.039999999999999945,-1.0630691791703115
1120,437,"['Cd', 'Cu', 'Pb']",2.063068687622886,-0.039999999999999945,-1.0630691791703115
1121,437,"['Fluoren', 'EC', 'Fluoranten']",2.063068687622886,-0.039999999999999945,-1.0630691791703115
1122,437,"['Fluoranten', 'Fluoren']",2.063068687622886,-0.039999999999999945,-1.0630691791703115
1123,437,pH,2.063068687622886,-0.039999999999999945,-1.0630691791703115
1124,437,TOC,2.0630686876228865,-0.039999999999999945,-1.0630691791703115
1125,437,ΣPh,2.063068687622886,-0.039999999999999945,-1.0630691791703115
1126,437,HCHO,2.063068687622886,-0.039999999999999945,-1.0630691791703115
1127,437,B,2.063068687622886,-0.039999999999999945,-1.0630691791703115
1128,437,Ni,2.063068687622886,-0.039999999999999945,-1.0630691791703115
1129,437,Ga,2.063068687622886,-0.039999999999999945,-1.0630691791703115
1130,437,Sr,2.063068687622886,-0.039999999999999945,-1.0630691791703115
1131,437,Sb,2.063068687622886,-0.039999999999999945,-1.0630691791703115
1132,437,Ba,2.063068687622886,-0.039999999999999945,-1.0630691791703115
1133,437,Naftalen,2.063068687622886,-0.039999999999999945,-1.0630691791703115
1134,437,Acenaftylen,2.063068687622886,-0.039999999999999945,-1.0630691791703115
1135,437,Acenaften,2.063068687622886,-0.039999999999999945,-1.0630691791703115
1136,437,Fenantren,2.063068687622886,-0.039999999999999945,-1.0630691791703115
1137,440,B,2.063068687622886,-0.039999999999999945,0.9999995084525745
1138,444,"['EC', 'Fluoren']",1.2718194388950517,-0.039999999999999945,0.43884207699952116
1139,444,"['Zn', 'U']",1.0831257330575057,-0.039999999999999945,0.43884207699952116
1140,444,"['Rb', 'Piren']",1.3576473405850682,-0.039999999999999945,0.43884207699952116
1141,444,Sb,1.4203864754842987,-0.039999999999999945,0.43884207699952116
1142,445,Ba,2.0630686876228865,-0.033333333333333305,0.9999995084525745
1143,450,"['Zn', 'U']",1.0745400204394262,-0.039999999999999945,-0.3726137328887953
1144,450,"['Rb', 'Piren']",1.0745400204394262,-0.039999999999999945,-0.3726137328887953
1145,450,"['Se', 'Mo']",1.0745400204394262,-0.039999999999999945,-0.3726137328887953
1146,450,"['Fluoranten', 'Fluoren']",1.3726121814934646,-0.039999999999999945,-0.3726137328887953
1147,450,pH,1.0745400204394262,-0.039999999999999945,-0.3726137328887953
1148,450,ΣPh,1.3726121814934646,-0.039999999999999945,-0.3726137328887953
1149,450,HCHO,1.3726121814934646,-0.039999999999999945,-0.3726137328887953
1150,450,B,1.3726121814934646,-0.039999999999999945,-0.3726137328887953
1151,450,Ni,1.3726121814934646,-0.039999999999999945,-0.3726137328887953
1152,450,Ga,1.3726121814934646,-0.039999999999999945,-0.3726137328887953
1153,450,Sr,1.3726121814934646,-0.039999999999999945,-0.3726137328887953
1154,450,Sb,1.3726121814934646,-0.039999999999999945,-0.3726137328887953
1155,450,Ba,1.3726121814934646,-0.039999999999999945,-0.3726137328887953
1156,450,Naftalen,1.3726121814934646,-0.039999999999999945,-0.3726137328887953
1157,450,Acenaftylen,1.3726121814934646,-0.039999999999999945,-0.3726137328887953
1158,450,Acenaften,1.37269112800064,-0.039999999999999945,-0.3726137328887953
1159,450,Fenantren,1.3726121814934646,-0.039999999999999945,-0.3726137328887953
1160,452,Ba,2.1315068902292595,-0.07999999999999999,0.9999992670153879
1161,453,Ba,2.1315068902292595,-0.07999999999999999,0.9999992670153879
1162,454,Sb,2.063068687622886,-0.033333333333333305,0.9999995084525745
1163,457,"['Li', 'Antracen']",1.386895629475902,-0.039999999999999945,-0.015795755503525966
1164,457,"['Al', 'Fe']",1.1189406301060103,-0.039999999999999945,-0.015795755503525966
1165,457,"['Cr', 'Fe', 'Cu']",1.1570905189821241,-0.039999999999999945,-0.015795755503525966
1166,457,"['Fe', 'Al', 'Cr', 'Mn']",1.4548054943314925,-0.039999999999999945,-0.015795755503525966
1167,457,"['Cu', 'Cr', 'Cd', 'Pb']",1.6059704929277414,-0.039999999999999945,-0.015795755503525966
1168,457,"['Zn', 'U']",1.1819169036316874,-0.039999999999999945,-0.015795755503525966
1169,457,"['Rb', 'Piren']",1.335425188654534,-0.039999999999999945,-0.015795755503525966
1170,457,"['Se', 'Mo']",1.1706685285460248,-0.039999999999999945,-0.015795755503525966
1171,457,"['Cd', 'Cu', 'Pb']",1.578973676187132,-0.039999999999999945,-0.015795755503525966
1172,457,"['Fluoranten', 'Fluoren']",1.0157931530529547,-0.039999999999999945,-0.015795755503525966
1173,457,pH,1.3401782754871774,-0.039999999999999945,-0.015795755503525966
1174,457,TOC,1.0152679338947141,-0.039999999999999945,-0.015795755503525966
1175,457,ΣPh,1.0154193772045752,-0.039999999999999945,-0.015795755503525966
1176,457,HCHO,1.0157946126805117,-0.039999999999999945,-0.015795755503525966
1177,457,B,1.0157607374546584,-0.039999999999999945,-0.015795755503525966
1178,457,Ga,1.0376419809200699,-0.039999999999999945,-0.015795755503525966
1179,457,Sr,1.0157931530529547,-0.039999999999999945,-0.015795755503525966
1180,457,Sb,1.0202330522172134,-0.039999999999999945,-0.015795755503525966
1181,457,Ba,1.0157931530529547,-0.039999999999999945,-0.015795755503525966
1182,457,Naftalen,1.0157931530529547,-0.039999999999999945,-0.015795755503525966
1183,457,Acenaftylen,1.0158006698858784,-0.039999999999999945,-0.015795755503525966
1184,457,Acenaften,1.0282297395434532,-0.039999999999999945,-0.015795755503525966
1185,457,Fenantren,1.0158444680845728,-0.039999999999999945,-0.015795755503525966
1186,458,B,2.063068687622886,-0.039999999999999945,0.9999995084525745
1187,460,Sb,2.063068687622886,-0.033333333333333305,0.9999995084525745
1188,462,"['EC', 'Fluoren']",2.063068687622886,-0.039999999999999945,-1.0630691791703115
1189,462,"['Li', 'Antracen']",2.0630686876228865,-0.039999999999999945,-1.0630691791703115
1190,462,"['Al', 'Fe']",2.063068687622886,-0.039999999999999945,-1.0630691791703115
1191,462,"['V', 'As']",2.063068687622886,-0.039999999999999945,-1.0630691791703115
1192,462,"['Cr', 'Fe', 'Cu']",2.0630686876228865,-0.039999999999999945,-1.0630691791703115
1193,462,"['Fe', 'Al', 'Cr', 'Mn']",2.063068687622886,-0.039999999999999945,-1.0630691791703115
1194,462,"['Co', 'Mn']",2.0630686876228865,-0.039999999999999945,-1.0630691791703115
1195,462,"['Cu', 'Cr', 'Cd', 'Pb']",2.063068687622886,-0.039999999999999945,-1.0630691791703115
1196,462,"['Zn', 'U']",2.063068687622886,-0.039999999999999945,-1.0630691791703115
1197,462,"['Rb', 'Piren']",2.0630686876228865,-0.039999999999999945,-1.0630691791703115
1198,462,"['Se', 'Mo']",2.0630686876228865,-0.039999999999999945,-1.0630691791703115
1199,462,"['Cd', 'Cu', 'Pb']",2.063068687622886,-0.039999999999999945,-1.0630691791703115
1200,462,"['Fluoren', 'EC', 'Fluoranten']",2.0630686876228865,-0.039999999999999945,-1.0630691791703115
1201,462,"['Fluoranten', 'Fluoren']",2.063068687622886,-0.039999999999999945,-1.0630691791703115
1202,462,pH,2.063068687622886,-0.039999999999999945,-1.0630691791703115
1203,462,TOC,2.063068687622886,-0.039999999999999945,-1.0630691791703115
1204,462,ΣPh,2.063068687622886,-0.039999999999999945,-1.0630691791703115
1205,462,HCHO,2.063068687622886,-0.039999999999999945,-1.0630691791703115
1206,462,B,2.063068687622886,-0.039999999999999945,-1.0630691791703115
1207,462,Ni,2.063068687622886,-0.039999999999999945,-1.0630691791703115
1208,462,Ga,2.063068687622886,-0.039999999999999945,-1.0630691791703115
1209,462,Sr,2.063068687622886,-0.039999999999999945,-1.0630691791703115
1210,462,Sb,2.063068687622886,-0.039999999999999945,-1.0630691791703115
1211,462,Ba,2.063068687622886,-0.039999999999999945,-1.0630691791703115
1212,462,Naftalen,2.063068687622886,-0.039999999999999945,-1.0630691791703115
1213,462,Acenaftylen,2.063068687622886,-0.039999999999999945,-1.0630691791703115
1214,462,Acenaften,2.063068687622886,-0.039999999999999945,-1.0630691791703115
1215,462,Fenantren,2.063068687622886,-0.039999999999999945,-1.0630691791703115
1216,463,"['Fe', 'Al', 'Cr', 'Mn']",2.0630686876228865,-0.03333333333333326,-1.063069179170312
1217,463,"['Co', 'Mn']",2.0630686876228865,-0.03333333333333326,-1.063069179170312
1218,463,"['Cu', 'Cr', 'Cd', 'Pb']",2.0630686876228865,-0.03333333333333326,-1.063069179170312
1219,463,"['Zn', 'U']",2.0630686876228865,-0.03333333333333326,-1.063069179170312
1220,463,"['Rb', 'Piren']",2.0630686876228865,-0.03333333333333326,-1.063069179170312
1221,463,"['Se', 'Mo']",2.0630686876228865,-0.03333333333333326,-1.063069179170312
1222,463,"['Cd', 'Cu', 'Pb']",2.0630686876228865,-0.03333333333333326,-1.063069179170312
1223,463,"['Fluoren', 'EC', 'Fluoranten']",2.0630686876228865,-0.03333333333333326,-1.063069179170312
1224,463,"['Fluoranten', 'Fluoren']",2.0630686876228865,-0.03333333333333326,-1.063069179170312
1225,463,pH,2.0630686876228865,-0.03333333333333326,-1.063069179170312
1226,463,TOC,2.0630686876228865,-0.03333333333333326,-1.063069179170312
1227,463,ΣPh,2.0630686876228865,-0.03333333333333326,-1.063069179170312
1228,463,HCHO,2.0630686876228865,-0.03333333333333326,-1.063069179170312
1229,463,B,2.0630686876228865,-0.03333333333333326,-1.063069179170312
1230,463,Ni,2.0630686876228865,-0.03333333333333326,-1.063069179170312
1231,463,Ga,2.0630686876228865,-0.03333333333333326,-1.063069179170312
1232,463,Sr,2.0630686876228865,-0.03333333333333326,-1.063069179170312
1233,463,Sb,2.0630686876228865,-0.03333333333333326,-1.063069179170312
1234,463,Ba,2.0630686876228865,-0.03333333333333326,-1.063069179170312
1235,463,Naftalen,2.0630686876228865,-0.03333333333333326,-1.063069179170312
1236,463,Acenaftylen,2.0630686876228865,-0.03333333333333326,-1.063069179170312
1237,463,Acenaften,2.0630686876228865,-0.03333333333333326,-1.063069179170312
1238,463,Fenantren,2.0630686876228865,-0.03333333333333326,-1.063069179170312
1239,467,HCHO,2.0630686876228865,-0.033333333333333305,0.9999995084525745
1240,475,Sb,2.063068687622886,-0.033333333333333305,0.9999995084525745
1241,477,"['EC', 'Fluoren']",1.053531870879909,-0.039999999999999945,0.10703178280889525
1242,477,"['Li', 'Antracen']",1.282316302926916,-0.039999999999999945,0.10703178280889525
1243,477,"['Al', 'Fe']",1.053424589619181,-0.039999999999999945,0.10703178280889525
1244,477,"['V', 'As']",1.2824193429996649,-0.039999999999999945,0.10703178280889525
1245,477,"['Mn', 'Fe', 'Co']",1.19109226517469,-0.039999999999999945,0.10703178280889525
1246,477,"['Co', 'Mn']",1.1910078325004314,-0.039999999999999945,0.10703178280889525
1247,477,Sb,1.019287847003601,-0.039999999999999945,0.10703178280889525
